actual,predicted
0.022619999945163727,0.0013693736400455236
0.00026000000070780516,0.0035893076565116644
0.830269992351532,0.7879132032394409
0.0017000000225380063,0.009802899323403835
0.0004299999854993075,0.0006928902002982795
0.0004299999854993075,0.0031844337936490774
0.35054999589920044,0.3854373097419739
0.001979999942705035,0.2978646755218506
0.0004299999854993075,0.0011866422137245536
0.0004299999854993075,0.0018227597465738654
0.008849999867379665,0.007493623998016119
0.13705000281333923,0.28064650297164917
0.04324999824166298,0.043907519429922104
0.011359999887645245,0.061485935002565384
0.0036299999337643385,0.0037141703069210052
0.01360000018030405,0.017461806535720825
0.0004299999854993075,0.3778183162212372
0.0006099999882280827,0.0005877424264326692
0.0001500000071246177,0.010312285274267197
0.1973699927330017,0.20389333367347717
0.00535999983549118,0.006804147269576788
0.0004299999854993075,0.0038454800378531218
0.0036899999249726534,0.04332975298166275
0.003530000103637576,0.004441310651600361
0.15324999392032623,0.14353477954864502
0.0002099999983329326,0.0047828336246311665
0.001879999996162951,0.011609119363129139
0.0013000000035390258,0.0028617570642381907
0.34540998935699463,0.33586767315864563
0.0004299999854993075,0.02133372612297535
0.0002099999983329326,0.003729627002030611
0.17204999923706055,0.738440990447998
0.0003100000030826777,0.019061073660850525
0.02631000056862831,0.03311735391616821
0.00018000000272877514,0.0008398847421631217
0.0004299999854993075,0.29720011353492737
0.0014799999771639705,0.003659672336652875
0.0002300000051036477,0.0007542895618826151
9.000000136438757e-05,0.001984741073101759
0.00019999999494757503,0.0030713139567524195
0.0011899999808520079,0.007684431970119476
0.0004299999854993075,0.3778183162212372
0.0004299999854993075,0.001667697448283434
0.0003000000142492354,0.004000450950115919
0.0004299999854993075,0.0014077940722927451
0.000750000006519258,0.004128765314817429
0.0004299999854993075,0.003568078624084592
0.005410000216215849,0.0070306649431586266
0.00016999999934341758,0.019216932356357574
0.0002800000074785203,0.0006192423170432448
0.0028200000524520874,0.002634494099766016
0.048089999705553055,0.03100126050412655
0.037790000438690186,0.03727782890200615
0.9094899892807007,0.9093290567398071
0.0009500000160187483,0.002349704736843705
0.016179999336600304,0.025695953518152237
0.000699999975040555,0.004225353244692087
7.999999797903001e-05,0.0011519074905663729
0.0004299999854993075,0.001907607656903565
0.0004299999854993075,0.00044147021253593266
0.0004299999854993075,0.0005042838165536523
0.18328000605106354,0.18189546465873718
0.9345300197601318,0.26494526863098145
0.00044999999227002263,0.00031011251849122345
0.001970000099390745,0.006997282151132822
0.0778300017118454,0.023577740415930748
0.20521999895572662,0.21035881340503693
0.0005300000193528831,0.00358712044544518
0.005539999809116125,0.03291209042072296
0.0003499999875202775,0.24032126367092133
0.16155000030994415,0.0030816684011369944
0.3338100016117096,0.3307245671749115
0.0005000000237487257,0.061974216252565384
0.010049999691545963,0.024421216920018196
0.0007699999841861427,0.001361803151667118
0.0004600000102072954,0.0006626370595768094
0.0008200000156648457,0.0023148078471422195
0.005239999853074551,0.002226429060101509
0.009499999694526196,0.0076446873135864735
0.00039999998989515007,0.0011610807850956917
0.00039999998989515007,0.05527190864086151
0.0004299999854993075,0.0010059438645839691
0.000910000002477318,0.0009092807304114103
0.0040699997916817665,0.002462933072820306
0.0013899999903514981,0.007105465047061443
0.0002300000051036477,0.0011268272064626217
0.0012600000482052565,0.14170530438423157
0.0011399999493733048,0.0017156432149931788
0.9439799785614014,0.6800645589828491
0.0028200000524520874,0.002579821739345789
0.9373000264167786,0.9201229214668274
0.00033000000985339284,0.011947259306907654
0.0001900000061141327,0.00023537783999927342
0.029410000890493393,0.03335482254624367
0.9333400130271912,0.4288643002510071
0.004530000034719706,0.143004909157753
0.008849999867379665,0.050081025809049606
0.0007699999841861427,0.0014908654848113656
0.0005300000193528831,0.0012028705095872283
0.05618000030517578,0.04095864295959473
0.036240000277757645,0.018884290009737015
0.004650000017136335,0.029324661940336227
0.00016999999934341758,0.1885930448770523
0.008849999867379665,0.005799495615065098
0.005539999809116125,0.013897992670536041
0.008849999867379665,0.008327638730406761
0.0019600000232458115,0.0021343829575926065
0.0004299999854993075,0.0745447501540184
0.0005000000237487257,0.0022986179683357477
0.0013000000035390258,0.09543904662132263
0.9444100260734558,0.944165050983429
0.0020800000056624413,0.143004909157753
0.008779999800026417,0.004774537868797779
0.029410000890493393,0.032248999923467636
0.0005200000014156103,0.0008602176094427705
0.0035099999513477087,0.18887878954410553
5.999999848427251e-05,0.0007226717425510287
0.9659900069236755,0.3778183162212372
0.0002500000118743628,0.000280069129075855
0.0003699999942909926,0.014087807387113571
0.6215299963951111,0.6047150492668152
0.0004299999854993075,0.0012071449309587479
0.010180000215768814,0.01895586960017681
0.9444400072097778,0.4104563593864441
0.01131999958306551,0.012278358452022076
0.002529999939724803,0.0043493350967764854
0.9388399720191956,0.936750054359436
0.0004299999854993075,0.0009816678939387202
0.9738500118255615,0.9619025588035583
0.9734500050544739,0.9657691717147827
0.0005099999834783375,9.197707186103798e-06
0.0003600000054575503,0.0013186560245230794
0.6486799716949463,0.3578350245952606
0.969980001449585,0.3778183162212372
0.7681499719619751,0.7575005292892456
0.0004299999854993075,0.0003818976110778749
0.0471699982881546,0.02708936482667923
0.0004199999966658652,0.000837464933283627
0.008849999867379665,0.010435312986373901
0.0011099999537691474,0.016381265595555305
0.0003499999875202775,0.001853119465522468
0.46208998560905457,0.3778183162212372
0.0005000000237487257,0.0011884261621162295
0.0004299999854993075,0.001402406138367951
0.0004299999854993075,0.002117439638823271
0.022520000115036964,0.007695675827562809
0.00039000000106170774,0.007928439415991306
0.0004299999854993075,0.001152826240286231
0.9627699851989746,0.3778183162212372
0.1307400017976761,0.6497015357017517
0.0004299999854993075,0.002096239011734724
0.0009699999936856329,0.0037742729764431715
0.0016899999463930726,0.0034197664353996515
0.8726800084114075,0.5326480865478516
0.925059974193573,0.9098617434501648
0.00023999999393709004,0.0011006240965798497
0.00033000000985339284,0.00961032323539257
0.8811299800872803,0.8737488985061646
0.00018000000272877514,0.010002685710787773
0.0008200000156648457,0.0021649100817739964
0.00011999999696854502,7.718040433246642e-05
0.0014600000577047467,0.0136187095195055
0.6755399703979492,0.6415488719940186
0.0004299999854993075,0.0012943125329911709
0.0005000000237487257,0.00038442714139819145
0.0002800000074785203,0.0010337972780689597
0.00041000000783242285,0.004523870535194874
0.000910000002477318,0.0016826261999085546
0.0005300000193528831,0.0014372810255736113
0.00044999999227002263,0.00040628138231113553
0.0002800000074785203,0.005655047949403524
0.0028299998957663774,0.004346496891230345
0.9442300200462341,0.7378314733505249
0.0009800000116229057,0.143004909157753
0.0004299999854993075,0.0014366611139848828
0.006049999967217445,0.0035109096206724644
0.00013000000035390258,0.0009543665801174939
0.012729999609291553,0.0012533378321677446
0.001180000021122396,0.0016568185528740287
0.0005099999834783375,1.294242792937439e-05
0.007890000008046627,0.005207601003348827
0.0026000000070780516,0.01108553446829319
0.008849999867379665,0.009672371670603752
0.00044999999227002263,0.0010148101719096303
0.0004299999854993075,0.0015378424432128668
0.6849499940872192,0.012719150632619858
0.005119999870657921,0.011609119363129139
0.0012100000167265534,0.005756500642746687
0.01107999961823225,0.012426488101482391
0.0009800000116229057,0.002931526629254222
0.002950000111013651,0.26895296573638916
0.9377800226211548,0.38439568877220154
0.0013000000035390258,0.0022723176516592503
0.004089999943971634,0.007253920193761587
0.0004299999854993075,0.0007804622873663902
0.020589999854564667,0.003249966539442539
0.0003100000030826777,0.0005951868952251971
9.999999747378752e-05,0.0004725967301055789
0.0005499999970197678,0.0015935585834085941
0.6071599721908569,0.5923774838447571
0.0004299999854993075,0.38103187084198
0.00033000000985339284,0.00961032323539257
0.0033100000582635403,0.0016553056193515658
0.0006699999794363976,0.0014478476950898767
0.0004299999854993075,0.000833280326332897
0.028750000521540642,0.06479249894618988
0.003860000055283308,0.00576137425377965
0.0007699999841861427,0.0017172569641843438
0.0005099999834783375,0.00290952087379992
0.019460000097751617,0.14353477954864502
0.0002899999963119626,0.0012264619581401348
0.00019999999494757503,3.530055982992053e-05
0.3949599862098694,0.3352547883987427
0.5604599714279175,0.0031939581967890263
0.0006399999838322401,0.005405422765761614
0.000539999979082495,0.3778183162212372
0.0004299999854993075,0.3387916386127472
0.0007099999929778278,0.0011256556026637554
0.00018000000272877514,0.015904966741800308
0.08833000063896179,0.08534692227840424
0.32050999999046326,0.3496284782886505
0.0008399999933317304,0.0016369232907891273
0.010400000028312206,0.0030816684011369944
0.0003000000142492354,0.0007389987586066127
0.00046999999904073775,0.0058935037814080715
0.0011099999537691474,0.000770468614064157
0.0033599999733269215,0.14353477954864502
0.0004299999854993075,0.0025079252663999796
0.4530700147151947,0.6011849045753479
0.9376199841499329,0.44259342551231384
0.0010499999625608325,0.004368116147816181
0.0004299999854993075,0.0010640935506671667
0.9442099928855896,0.8827082514762878
0.8924099802970886,0.44261178374290466
0.0010600000387057662,0.4570121467113495
0.0004299999854993075,0.04706592112779617
0.0012000000569969416,0.0038629123009741306
0.025590000674128532,0.015481116250157356
0.006459999829530716,0.001847458421252668
0.0006500000017695129,0.005253252107650042
0.0003100000030826777,0.04327140003442764
0.3892900049686432,0.3888378143310547
0.0013699999544769526,0.19471658766269684
0.011789999902248383,0.03679412975907326
0.0008699999889358878,0.5529682636260986
0.9426400065422058,0.7536343336105347
0.009499999694526196,0.010911519639194012
0.006120000034570694,0.0026364040095359087
0.9750800132751465,0.5246042013168335
0.0006099999882280827,0.255094438791275
0.0004299999854993075,0.0025174147449433804
0.0006500000017695129,0.0007513829623349011
0.0004600000102072954,0.0018277725903317332
0.00044999999227002263,0.007136177737265825
0.20152999460697174,0.17886868119239807
0.9439499974250793,0.49747592210769653
0.00026000000070780516,0.006216306239366531
0.0004299999854993075,0.00019877069280482829
0.0013500000350177288,0.09363216906785965
0.9083300232887268,0.3778183162212372
0.0001500000071246177,0.010292905382812023
0.0028099999763071537,0.01700817421078682
0.0016299999551847577,0.47359737753868103
0.9217100143432617,0.9177868962287903
0.011780000291764736,0.010974089615046978
0.00953999999910593,0.011273857206106186
0.00016999999934341758,0.0007765512564219534
0.002099999925121665,0.0008260426693595946
0.0005499999970197678,0.04718475788831711
0.00046999999904073775,0.002501687267795205
0.002240000059828162,0.004099615849554539
0.00016999999934341758,0.003637758083641529
0.003530000103637576,0.002857039449736476
0.026340000331401825,0.01620609499514103
0.0003000000142492354,0.0012147091329097748
0.0012600000482052565,0.004751883912831545
0.00044999999227002263,0.0007697197142988443
0.0006399999838322401,0.004444284830242395
0.08121000230312347,0.10769612342119217
0.0005499999970197678,0.0011726259253919125
0.04185999929904938,0.3778183162212372
0.024299999698996544,0.143004909157753
0.0004600000102072954,0.025909537449479103
0.0004299999854993075,0.0008648627554066479
0.024299999698996544,0.04743565246462822
0.0004400000034365803,0.00266965851187706
3.9999998989515007e-05,0.0003475463599897921
0.0003800000122282654,0.0006351933698169887
0.0004799999878741801,0.006396358832716942
0.00546000013127923,0.003280542092397809
0.6628000140190125,0.05647031217813492
0.0003000000142492354,0.0009934003464877605
0.0028200000524520874,0.004638835322111845
0.0011599999852478504,0.08926273882389069
0.011130000464618206,0.006113610230386257
0.00015999999595806003,0.0024872287176549435
0.003010000102221966,0.01274724118411541
0.655019998550415,0.6272847056388855
0.0004299999854993075,0.0023140404373407364
0.9656800031661987,0.5246042013168335
0.0002099999983329326,3.072855906793848e-05
0.00014000000373926014,0.014972451142966747
0.00022000000171829015,0.002011474221944809
0.0006900000153109431,0.012183403596282005
0.0016599999507889152,0.0003509409143589437
0.0018899999558925629,0.0035197220277041197
0.00018000000272877514,0.007527141831815243
0.000910000002477318,0.0026206604670733213
0.0003000000142492354,0.0008998488774523139
0.9117500185966492,0.7838631868362427
0.0004299999854993075,0.06507434695959091
0.5475299954414368,0.5422465205192566
0.3681800067424774,0.21397243440151215
0.000750000006519258,0.004747091326862574
0.0005499999970197678,0.012359343469142914
0.8849300146102905,0.8625290989875793
0.037790000438690186,0.03780646249651909
0.0001900000061141327,0.0025636323262006044
0.9439399838447571,0.6940587759017944
0.00039999998989515007,0.00242851790972054
0.0003800000122282654,0.0022843186743557453
0.000750000006519258,0.09862501174211502
0.0003000000142492354,0.000358744990080595
0.9331799745559692,0.5593885183334351
0.31498000025749207,0.237009659409523
0.00559999980032444,0.5691542625427246
0.22916999459266663,0.34932395815849304
0.0272000003606081,0.0009429532801732421
0.036240000277757645,0.020660195499658585
0.01785999909043312,0.12834903597831726
0.011579999700188637,0.009786823764443398
0.0002099999983329326,0.00478949723765254
0.8190600275993347,0.8350256681442261
0.9445499777793884,0.9413049221038818
0.008849999867379665,0.007734179962426424
0.0004299999854993075,0.0009947194484993815
0.0014400000218302011,0.010266736149787903
0.0007699999841861427,0.0031213792972266674
0.8854699730873108,0.8843359351158142
0.8872900009155273,0.3108389973640442
0.9588500261306763,0.3387916386127472
0.0004299999854993075,0.0038912908639758825
0.01785999909043312,0.13819320499897003
0.00039000000106170774,0.00023903803958091885
0.0003000000142492354,0.00035641653812490404
0.0002800000074785203,0.0007665761513635516
0.001129999989643693,0.055546920746564865
0.016499999910593033,0.01473967544734478
0.0006799999973736703,0.004330161493271589
0.7891299724578857,0.8076765537261963
0.010359999723732471,0.015112186782062054
0.0005000000237487257,0.002039627404883504
0.00018000000272877514,0.000994379399344325
0.9433199763298035,0.9449061155319214
0.8322799801826477,0.0016916202148422599
0.036240000277757645,0.022618014365434647
0.0028200000524520874,0.0027533795218914747
0.9443600177764893,0.9458321332931519
0.010359999723732471,0.014266468584537506
0.0011500000255182385,0.002828813623636961
0.0005300000193528831,0.00034115268499590456
0.002460000105202198,0.0030259008053690195
0.008139999583363533,0.009401392191648483
0.0004299999854993075,0.0015655704773962498
0.002099999925121665,0.0030272305011749268
0.04918000102043152,0.16665445268154144
0.0013899999903514981,0.3476542532444
0.0007399999885819852,0.006735383998602629
0.9436500072479248,0.9438661932945251
0.01155999954789877,0.009784444235265255
0.9436600208282471,0.9347875714302063
0.0004299999854993075,0.004635945428162813
0.0009800000116229057,0.11557456105947495
0.9439799785614014,0.9409235119819641
0.003530000103637576,0.003723239991813898
0.0003800000122282654,0.006138734985142946
0.02198999933898449,0.008235556073486805
0.004879999905824661,0.5691542625427246
0.00039999998989515007,0.0012000557035207748
0.008849999867379665,0.007212857250124216
0.32050999999046326,0.3494397699832916
0.0015899999998509884,0.0009936568094417453
0.0033400000538676977,0.006324988789856434
0.0012700000079348683,0.02133372612297535
0.00018000000272877514,0.003737150924280286
0.0010499999625608325,0.0019814122933894396
0.0004299999854993075,0.00020880979718640447
0.0009800000116229057,0.003871187102049589
0.0005499999970197678,0.03619692474603653
0.0006900000153109431,0.012697488069534302
0.036240000277757645,0.01794835738837719
0.13705000281333923,0.21369484066963196
0.0012000000569969416,0.00199205637909472
0.00039000000106170774,0.0009820987470448017
0.0025100000202655792,0.0018767009023576975
0.0009399999980814755,0.002243726048618555
0.03336000069975853,0.04869796335697174
0.0006799999973736703,0.001774605829268694
0.8752599954605103,0.3046979606151581
0.06902000308036804,0.0883965715765953
0.00044999999227002263,0.0008232896216213703
0.00011999999696854502,8.295185398310423e-05
0.9441800117492676,0.9477702379226685
0.08191999793052673,0.143004909157753
0.0009299999801442027,0.0030997865833342075
0.039319999516010284,0.010333651676774025
0.0005499999970197678,0.0018126907525584102
0.02686000056564808,0.12056120485067368
0.016119999811053276,0.13588176667690277
0.00039999998989515007,0.041017573326826096
0.002460000105202198,0.143004909157753
0.0012700000079348683,0.0009306652937084436
0.0007699999841861427,0.0019060232443735003
0.0005300000193528831,0.020286623388528824
0.0004299999854993075,0.0017957550007849932
0.0007399999885819852,0.00033983655157499015
0.0004299999854993075,0.01586921140551567
0.0004299999854993075,0.0006777087692171335
0.0024800000246614218,0.004893581848591566
0.8983200192451477,0.8320139646530151
0.01319000031799078,0.017235133796930313
0.0009299999801442027,0.06670258939266205
0.05651000142097473,0.12775352597236633
0.0004299999854993075,0.001357954810373485
0.0007099999929778278,0.09363216906785965
0.00011000000085914508,0.001078402274288237
0.00018000000272877514,0.34708598256111145
0.0004299999854993075,0.0013969504507258534
0.01054999977350235,0.00609185453504324
0.0004400000034365803,0.0009195501334033906
0.10835999995470047,0.009484450332820415
0.008849999867379665,0.0004846545052714646
0.00026000000070780516,8.587330376030877e-05
0.3834100067615509,0.3778183162212372
0.0020200000144541264,0.021191932260990143
0.8109999895095825,0.17560052871704102
0.001879999996162951,0.011609119363129139
0.0014700000174343586,0.0060048759914934635
0.0012100000167265534,0.0006489757215604186
0.925570011138916,0.937000036239624
0.5176200270652771,0.5146388411521912
0.9117500185966492,0.8215723633766174
0.0004299999854993075,0.009842506609857082
0.0008099999977275729,0.0007072219159454107
0.0008800000068731606,0.0007307365885935724
0.0004799999878741801,0.0006394476513378322
0.01795000024139881,0.00525976438075304
0.0004299999854993075,0.0013941971119493246
0.30807000398635864,0.22863726317882538
0.0009299999801442027,0.0007157247164286673
0.0028899998869746923,0.002636401681229472
0.0008299999753944576,0.06713143736124039
0.010359999723732471,0.014189084991812706
0.9222300052642822,0.8656548857688904
0.00018000000272877514,0.34708598256111145
0.00039999998989515007,0.0010421248152852058
0.0008999999845400453,0.0008088054601103067
0.001509999972768128,0.0007250426569953561
0.9092299938201904,0.9032655358314514
0.01360000018030405,0.008761582896113396
0.006219999864697456,0.011609119363129139
0.007290000095963478,0.010511553846299648
0.0004299999854993075,0.0004917514161206782
0.011830000206828117,0.011212282814085484
0.34551000595092773,0.2920212149620056
0.0040699997916817665,0.0020016171038150787
0.0003000000142492354,0.0007574809133075178
0.0008800000068731606,0.35101205110549927
0.410180002450943,0.41053614020347595
0.0005799999926239252,0.0033686079550534487
0.0002500000118743628,0.0016971356235444546
0.004399999976158142,0.012981659732758999
0.8714600205421448,0.3778183162212372
0.17541000247001648,0.002011474221944809
0.0004400000034365803,0.00043682148680090904
0.0005200000014156103,0.0028239714447408915
0.9441199898719788,0.9436690211296082
0.008849999867379665,0.01459326408803463
9.000000136438757e-05,0.003320251125842333
0.0005200000014156103,0.0004131929890718311
0.011830000206828117,0.011513199657201767
0.0014100000262260437,0.0015208660624921322
0.0003000000142492354,7.893213478382677e-06
0.08833000063896179,0.061596546322107315
0.0004400000034365803,0.0019007681403309107
0.0030700000934302807,0.01274724118411541
0.008209999650716782,0.0073720552027225494
0.09239999949932098,0.16743747889995575
0.0004299999854993075,0.0026494760531932116
0.9427400231361389,0.3778183162212372
0.672540009021759,0.0020995920058339834
0.002420000033453107,0.009081757627427578
0.015370000153779984,0.011701499111950397
0.07840000092983246,0.0025451257824897766
0.0003000000142492354,0.0018725164700299501
0.00044999999227002263,0.0024234242737293243
0.9433199763298035,0.143004909157753
0.0006399999838322401,0.09363216906785965
0.5730299949645996,0.3778183162212372
0.0004299999854993075,0.3778183162212372
0.0002800000074785203,0.0009874786483123899
0.000910000002477318,0.003051955485716462
0.00018000000272877514,0.001917739282362163
0.0004299999854993075,0.0032348730601370335
0.0005499999970197678,0.003961875103414059
0.8440300226211548,0.8482091426849365
0.9408699870109558,0.5557473301887512
0.011029999703168869,0.009622912853956223
0.9099900126457214,0.9197888970375061
0.00046999999904073775,0.03268957883119583
0.0030700000934302807,0.003459946019575
0.002099999925121665,0.009020313620567322
0.00016999999934341758,0.000690600776579231
0.0004299999854993075,0.0007216233061626554
0.9434900283813477,0.9446852803230286
0.08833000063896179,0.11957105994224548
0.0003699999942909926,0.3778183162212372
0.9446099996566772,0.9184763431549072
0.0004299999854993075,0.010684479027986526
0.9423699975013733,0.0008458472439087927
0.0004299999854993075,0.15462853014469147
0.0003800000122282654,0.01006720308214426
7.999999797903001e-05,0.0015789211029186845
0.3949599862098694,0.32721230387687683
0.0810299962759018,0.018223769962787628
0.002319999970495701,0.005384641699492931
0.00016999999934341758,0.001643663621507585
0.0011099999537691474,0.001721609034575522
0.03711999952793121,0.039562974125146866
0.00033000000985339284,0.0010531673906370997
0.0004400000034365803,4.8788042477099225e-05
0.08833000063896179,0.061596546322107315
0.00026000000070780516,0.011748010292649269
0.0004400000034365803,0.0007710595382377505
0.030500000342726707,0.002474597655236721
0.0007099999929778278,0.22965039312839508
0.000539999979082495,0.0037655122578144073
0.03570999950170517,0.0013910704292356968
0.011789999902248383,0.010490640066564083
0.0006799999973736703,0.002595656318590045
0.000750000006519258,0.004648870322853327
0.000750000006519258,0.0020989677868783474
0.0008200000156648457,0.006323424633592367
0.00016999999934341758,0.143004909157753
0.000910000002477318,0.012348271906375885
0.019740000367164612,0.024027777835726738
0.008849999867379665,0.010013164021074772
0.4902400076389313,0.009024516679346561
0.000539999979082495,0.3778183162212372
0.3660300076007843,0.29111701250076294
0.00018000000272877514,0.34708598256111145
0.0003499999875202775,0.0017798718763515353
0.006149999797344208,0.005418731365352869
0.0002800000074785203,0.0007617736118845642
0.0015800000401213765,0.004394340794533491
0.019009999930858612,0.01829349994659424
0.0005000000237487257,0.04495319724082947
0.5619800090789795,0.006175336427986622
0.0010600000387057662,0.02552713267505169
0.0006500000017695129,0.002740200376138091
0.00023999999393709004,0.0025883165653795004
0.011789999902248383,0.0070189908146858215
0.0011500000255182385,0.0007018800242803991
0.006599999964237213,0.0062868897803127766
0.004769999999552965,0.004618766251951456
0.00014000000373926014,0.011673390865325928
0.8538200259208679,0.22036106884479523
0.00013000000035390258,0.001380069530569017
0.11331000179052353,0.17560052871704102
0.000910000002477318,0.0009920992888510227
0.011830000206828117,0.03364912047982216
0.0004600000102072954,0.0012698142090812325
0.0019600000232458115,0.05209912359714508
0.0004299999854993075,0.0011065913131460547
0.00039999998989515007,0.002385084517300129
0.044920001178979874,0.09363216906785965
0.0006900000153109431,0.006451475899666548
0.17541000247001648,0.002011474221944809
0.000590000010561198,0.002511207712814212
0.003109999932348728,0.002057072939351201
0.003860000055283308,0.01472249161452055
0.23291000723838806,0.2011568248271942
0.8733299970626831,0.9103369116783142
0.01155999954789877,0.009805344045162201
0.5475299954414368,0.05388643965125084
0.00044999999227002263,0.007028148975223303
0.0004299999854993075,0.0012184729566797614
0.911109983921051,0.4889991879463196
0.00011000000085914508,0.0020148109178990126
0.0002300000051036477,0.0013708912301808596
0.925570011138916,0.9275016784667969
0.0002500000118743628,0.003318055300042033
0.00039000000106170774,0.0016915430314838886
0.008849999867379665,0.024730710312724113
0.001509999972768128,0.0012732417089864612
0.015370000153779984,0.015570252202451229
0.0007200000109151006,0.004532827530056238
0.00016999999934341758,0.00022713666839990765
0.0009299999801442027,0.009732835926115513
0.0003499999875202775,0.001719304476864636
0.00041000000783242285,0.0011079225223511457
0.0005000000237487257,0.000608776172157377
0.9300699830055237,0.9725445508956909
0.0002899999963119626,0.0012846121098846197
0.0004600000102072954,0.004374007694423199
0.008849999867379665,0.0022393683902919292
0.016179999336600304,0.025695953518152237
0.01319000031799078,0.0166061632335186
0.3190400004386902,0.3241324722766876
0.002099999925121665,0.010193214751780033
0.632099986076355,0.3778183162212372
0.017980000004172325,0.015100267715752125
0.008790000341832638,0.00937119871377945
0.0004299999854993075,0.0013063467340543866
0.01090999972075224,0.05925082787871361
0.0012799999676644802,0.020223988220095634
0.01286999974399805,0.01056063361465931
0.008849999867379665,0.0023010438308119774
0.001339999958872795,0.4546821713447571
0.0004299999854993075,0.0005370815633796155
0.0004299999854993075,0.0011335295857861638
0.16864000260829926,0.0036270131822675467
0.002050000010058284,0.0012814209330826998
0.0004299999854993075,0.0006075854762457311
0.0004299999854993075,0.002919093007221818
0.013209999538958073,0.005800560116767883
0.09957999736070633,0.18851028382778168
0.0003000000142492354,0.0008652362157590687
0.7681499719619751,0.7754639387130737
0.8322799801826477,0.0034960098564624786
0.008849999867379665,0.024145781993865967
0.7819899916648865,0.03217027336359024
0.0004299999854993075,0.002559520537033677
0.004840000066906214,0.010413787327706814
0.6628000140190125,0.03796801343560219
0.0004299999854993075,0.0007055534515529871
0.037790000438690186,0.042761802673339844
0.00033999999868683517,0.05084003508090973
0.9100800156593323,0.9230864644050598
0.9442700147628784,0.9386910796165466
0.00023999999393709004,0.0025154014583677053
0.000539999979082495,0.0014147915644571185
0.0009699999936856329,0.001118218176998198
0.00041000000783242285,0.0003884151519741863
0.0015399999683722854,0.3387916386127472
0.0005300000193528831,0.3778183162212372
0.0015399999683722854,0.12064032256603241
0.0004299999854993075,0.00014098561950959265
0.00033000000985339284,0.00038806424709036946
0.00018000000272877514,0.004460458178073168
0.0005699999746866524,0.11989003419876099
0.04355999827384949,0.024706397205591202
0.0002800000074785203,0.0011985701275989413
0.0002899999963119626,0.005235112737864256
0.021730000153183937,0.01159963570535183
0.0002500000118743628,0.003974083345383406
0.021719999611377716,0.03165321797132492
0.0004299999854993075,0.0010438930476084352
0.037790000438690186,0.038799453526735306
0.0018100000452250242,0.07572835683822632
0.00046999999904073775,0.0015802341513335705
0.9385700225830078,0.4981410801410675
0.00044999999227002263,0.0009702916722744703
0.008849999867379665,0.04802597686648369
0.0015399999683722854,0.007485872600227594
0.03711999952793121,0.03659377619624138
0.0014400000218302011,0.002121478784829378
0.029410000890493393,0.02799644134938717
0.0005499999970197678,0.3778183162212372
0.0002800000074785203,0.0011879416415467858
0.008849999867379665,0.009932381100952625
0.0004400000034365803,0.04709138721227646
0.26232001185417175,0.26947319507598877
0.0010600000387057662,0.001728723756968975
0.008849999867379665,0.01078966073691845
0.11343999952077866,0.01364673487842083
0.0015699999639764428,0.0011585006723180413
0.0002099999983329326,0.007554484531283379
0.0013899999903514981,0.006451475899666548
0.00039000000106170774,0.002707987790927291
0.20728999376296997,0.27027270197868347
0.0015300000086426735,0.0005048212478868663
0.00011999999696854502,0.0036682088393718004
0.0011500000255182385,0.0012835052330046892
0.030500000342726707,0.004162253811955452
0.00018000000272877514,0.021190254017710686
0.008849999867379665,0.0051108356565237045
0.9256399869918823,0.8973572850227356
0.0493599995970726,0.029917027801275253
0.00107999995816499,0.05591529607772827
0.00107999995816499,0.0007807553629390895
0.00039999998989515007,0.009963550604879856
0.00026000000070780516,0.028104403987526894
0.0013899999903514981,0.01248201448470354
0.008849999867379665,0.02356024831533432
0.760670006275177,0.49358096718788147
0.00022000000171829015,0.0030095120891928673
0.033560000360012054,0.15831027925014496
0.0004299999854993075,0.0011652535758912563
0.00039000000106170774,0.0007037598406895995
0.5020800232887268,0.048806704580783844
0.0013299999991431832,0.0029708079528063536
0.039480000734329224,0.039535921066999435
0.0008399999933317304,0.0008232896216213703
0.009499999694526196,0.008667631074786186
0.00041000000783242285,0.0033450424671173096
0.001500000013038516,0.0011878885561600327
0.00022000000171829015,0.0020264582708477974
0.044920001178979874,0.05726237967610359
0.0037700000684708357,0.02489360049366951
0.036240000277757645,0.021293213590979576
0.00406000018119812,0.0007144749397411942
0.0016700000269338489,0.0038114385679364204
0.00013000000035390258,0.0014009772567078471
0.0002800000074785203,0.0006058536237105727
0.0004299999854993075,0.002815124113112688
0.8786500096321106,0.007392600178718567
0.944130003452301,0.3387916386127472
0.0004400000034365803,0.00045826705172657967
0.0004600000102072954,0.0028550541028380394
0.00044999999227002263,0.0008818506612442434
0.0009800000116229057,0.0074823335744440556
0.0002800000074785203,0.0010647577000781894
0.0019000000320374966,0.0010331011144444346
0.0005699999746866524,0.0035632317885756493
0.8440300226211548,0.32829469442367554
0.11307000368833542,0.15468819439411163
0.036979999393224716,0.033590130507946014
0.006149999797344208,0.39125293493270874
0.0004799999878741801,0.006457334849983454
0.0004299999854993075,0.0019317137775942683
0.0026499999221414328,0.011609119363129139
0.036240000277757645,0.008540631271898746
0.9747999906539917,0.17560052871704102
0.6446300148963928,0.7718566656112671
0.0005699999746866524,0.009231769479811192
0.05178999900817871,0.007258210331201553
0.0004400000034365803,0.0013752399245277047
0.1916400045156479,0.021706843748688698
0.6515499949455261,0.6546154618263245
0.0004299999854993075,0.004231856670230627
0.0004299999854993075,0.000615266035310924
0.026920000091195107,0.0025332525838166475
0.0005499999970197678,0.029875539243221283
0.0002099999983329326,0.0002554100938141346
0.057509999722242355,0.052618272602558136
0.020109999924898148,0.014527623541653156
0.0004299999854993075,0.0023465792182832956
0.0008200000156648457,0.031514428555965424
0.20728999376296997,0.28152620792388916
0.0002800000074785203,0.003082477254793048
0.00039000000106170774,0.005115966312587261
0.0013000000035390258,0.002619389444589615
0.0024999999441206455,0.013884681276977062
0.5723099708557129,0.2739413380622864
0.0006300000241026282,0.0006248212303034961
0.0012600000482052565,0.0018422112334519625
0.0028899998869746923,0.005179142579436302
0.0012600000482052565,0.004214414861053228
0.9627699851989746,0.3778183162212372
0.0471699982881546,0.044630322605371475
0.001449999981559813,0.005065904930233955
0.003809999907389283,0.3135340213775635
0.0004299999854993075,0.3387916386127472
0.0004299999854993075,0.004159023519605398
0.0038799999747425318,0.0039983633905649185
0.003220000071451068,0.004430138040333986
0.0037799999117851257,0.004853325430303812
0.001180000021122396,0.0015079230070114136
0.0026700000744313,0.0010379416635259986
0.0004400000034365803,0.0002333048323635012
0.9071400165557861,0.8876029849052429
0.1973699927330017,0.19792717695236206
0.001550000044517219,0.0032829907722771168
0.0004600000102072954,0.0030424671713262796
0.00026000000070780516,0.0013842242769896984
0.0004900000058114529,0.05343451723456383
0.0028200000524520874,0.003280542092397809
0.3226200044155121,0.2970890998840332
0.3897800147533417,0.49036893248558044
0.22791999578475952,0.032799165695905685
0.00033000000985339284,5.926079393248074e-05
0.0004299999854993075,0.0009509469382464886
0.0004299999854993075,0.002666447078809142
0.005739999935030937,0.006484762765467167
0.00016999999934341758,0.0015930047957226634
0.0006300000241026282,0.0012616886524483562
0.0010300000431016088,0.17583927512168884
0.01795000024139881,0.00525976438075304
0.0015800000401213765,0.004204533062875271
0.0004299999854993075,0.0016792030073702335
0.9436600208282471,0.944022536277771
0.8726800084114075,0.5326480865478516
0.19463999569416046,0.008871065452694893
0.0007999999797903001,0.0011889662127941847
0.01155999954789877,0.009908298030495644
0.0005200000014156103,0.0006087134825065732
0.00011000000085914508,0.0009756153449416161
0.0030499999411404133,0.0008459145901724696
0.0013500000350177288,0.09363216906785965
0.0003000000142492354,0.00129407225176692
0.0013099999632686377,0.005086229648441076
0.0005000000237487257,0.0018921311711892486
0.0004299999854993075,0.0009815706871449947
0.0025400000158697367,0.0024902308359742165
0.0004600000102072954,0.004121982958167791
0.036240000277757645,0.034291673451662064
0.00033000000985339284,0.5529682636260986
0.03700999915599823,0.02016283944249153
0.000910000002477318,0.0016461788909509778
0.07434999942779541,0.42346885800361633
0.9428300261497498,0.9442791938781738
0.036979999393224716,0.033590130507946014
0.05280999839305878,0.00591706857085228
0.8372899889945984,0.744663655757904
0.3338100016117096,0.3307245671749115
0.0005799999926239252,0.0014604596653953195
0.005510000046342611,0.01902644708752632
0.011959999799728394,0.006668729707598686
0.0002099999983329326,0.0013301469152793288
0.0010000000474974513,0.004028580617159605
0.9233599901199341,0.923988938331604
0.0007399999885819852,0.04146109148859978
0.00011999999696854502,0.0002180207520723343
0.000590000010561198,0.05938979610800743
0.0028200000524520874,0.0026437314227223396
0.9444400072097778,0.9402698278427124
0.002050000010058284,0.0011561018181964755
0.026399999856948853,0.017711253836750984
0.1973699927330017,0.24553333222866058
0.0031799999997019768,0.0038884379900991917
0.2431900054216385,0.7483112215995789
0.0003800000122282654,0.0030131496023386717
0.9415000081062317,0.941319465637207
0.9286800026893616,0.13386787474155426
0.9395400285720825,0.5691542625427246
0.00953999999910593,0.004334914963692427
0.0342399999499321,0.04447541385889053
0.0004299999854993075,0.0019434180576354265
0.004459999967366457,0.0028572145383805037
0.026820000261068344,0.027269870042800903
0.0011099999537691474,0.0022634638007730246
0.0009500000160187483,0.0044387392699718475
0.0010300000431016088,0.009740252047777176
0.0020800000056624413,0.143004909157753
0.0011899999808520079,0.007684431970119476
0.00039999998989515007,0.006719315890222788
0.9217100143432617,0.9269055128097534
0.00011000000085914508,0.0016854061977937818
0.008849999867379665,0.3317824900150299
0.0005300000193528831,0.0009689494036138058
0.004879999905824661,0.6173343062400818
0.009689999744296074,0.010237506590783596
0.00395999988541007,0.012747228145599365
0.04586999863386154,0.0458342544734478
0.01549999974668026,0.0004210835031699389
0.0010400000028312206,0.0017762453062459826
0.0012700000079348683,0.002572333440184593
0.024159999564290047,0.023067988455295563
0.020549999549984932,0.005973508581519127
0.9124299883842468,0.8876029849052429
0.0007999999797903001,0.006262277718633413
0.000699999975040555,0.024205520749092102
0.0003000000142492354,0.010969066061079502
0.0013099999632686377,0.005377159453928471
0.8836699724197388,0.8440127968788147
0.008779999800026417,0.0016701468266546726
0.22916999459266663,0.23524877429008484
0.4979200065135956,0.004456961061805487
0.0020200000144541264,0.0016894065774977207
0.003109999932348728,0.02794119156897068
0.0024300001095980406,0.09363216906785965
0.0014400000218302011,0.026758717373013496
0.01054999977350235,0.005887358449399471
0.5619300007820129,0.45670533180236816
0.0004299999854993075,0.17560052871704102
0.0006300000241026282,0.0008936712401919067
0.018570000305771828,0.03796570748090744
0.0016599999507889152,0.005938056390732527
0.00033000000985339284,0.0021992300171405077
0.0015899999998509884,0.003013199893757701
0.0005200000014156103,0.0037015259731560946
0.0005600000149570405,0.004505799617618322
0.06902000308036804,0.054885100573301315
0.9385700225830078,0.42352402210235596
0.0002800000074785203,0.0020358958281576633
0.0005300000193528831,0.3778183162212372
0.01551000028848648,0.008175639435648918
0.940559983253479,0.856735110282898
0.011859999969601631,0.010433214716613293
0.0129399998113513,0.00020813696028199047
0.008899999782443047,0.0039957077242434025
0.17574000358581543,0.3972996175289154
0.025529999285936356,0.03845544531941414
0.01155999954789877,0.009805344045162201
0.0004299999854993075,0.0002620371524244547
0.0005300000193528831,0.0019455456640571356
0.00044999999227002263,0.0007082029478624463
0.00044999999227002263,0.0018644361989572644
0.0011899999808520079,0.003572222776710987
0.00016999999934341758,0.00034647961729206145
0.0004299999854993075,0.4889991879463196
0.0004299999854993075,0.0005991009529680014
0.0028200000524520874,0.0006361039122566581
0.0003000000142492354,0.0016565534751862288
0.00044999999227002263,0.0012407528702169657
0.0003000000142492354,0.0019460419425740838
0.0036299999337643385,0.006391735747456551
0.38964998722076416,0.3896840214729309
0.3824999928474426,0.35417672991752625
0.0004199999966658652,0.0016757885459810495
0.00022000000171829015,0.0015239545609802008
0.0004299999854993075,0.0018066801130771637
0.4362199902534485,0.4199405312538147
0.00039000000106170774,0.0011153818340972066
0.0004299999854993075,0.012639913707971573
0.00046999999904073775,0.007863229140639305
0.010359999723732471,0.013953551650047302
0.00044999999227002263,0.014030481688678265
0.8296800255775452,0.12027648091316223
0.04650000110268593,0.18517352640628815
0.00011999999696854502,0.0012229261919856071
0.0004299999854993075,0.0014792017173022032
0.0003499999875202775,0.003550516441464424
0.011789999902248383,0.12175396829843521
5.999999848427251e-05,0.0007434286526404321
0.005630000028759241,0.0028013987466692924
0.01155999954789877,0.009784444235265255
0.0005000000237487257,0.0017541376873850822
0.00016999999934341758,0.0010777947027236223
0.9436500072479248,0.9438661932945251
0.06274999678134918,0.38281816244125366
0.0004299999854993075,0.00262356991879642
0.0009699999936856329,0.0037742729764431715
0.0003000000142492354,0.0009722756803967059
0.0008999999845400453,0.0030767254065722227
0.9399200081825256,0.3778183162212372
0.008849999867379665,0.04221317544579506
0.016860000789165497,0.006761045195162296
0.0022799998987466097,0.0037300593685358763
0.0010999999940395355,0.007799254730343819
0.304390013217926,0.2936214208602905
0.0005200000014156103,0.37972527742385864
0.0016299999551847577,0.0009559355094097555
0.00039000000106170774,0.006628548260778189
0.000910000002477318,0.3778183162212372
0.0002899999963119626,0.0008049843600019813
0.00023999999393709004,0.0016331016086041927
0.0008299999753944576,0.008241618052124977
0.00023999999393709004,0.000750701641663909
0.00018000000272877514,0.0019357879646122456
0.0004299999854993075,0.0013305683387443423
0.003530000103637576,0.0030798728112131357
0.001129999989643693,0.0025014965794980526
0.0009599999757483602,0.00510026328265667
0.8607400059700012,0.860662579536438
0.9386000037193298,0.941555380821228
0.0005799999926239252,0.0021028025075793266
0.0009399999980814755,0.002243726048618555
0.12794999778270721,0.12841780483722687
0.0012700000079348683,0.014758730307221413
0.94964998960495,0.7226596474647522
0.0004299999854993075,0.0021341436076909304
0.0006500000017695129,0.008837868459522724
0.4248400032520294,0.4901782274246216
0.0004299999854993075,0.0007018118049018085
0.0006500000017695129,0.002166400896385312
0.0002800000074785203,0.0022860297467559576
0.00044999999227002263,0.0009392608189955354
0.0021699999924749136,0.003280543489381671
0.0004600000102072954,0.0009311598842032254
0.00046999999904073775,0.0007707326440140605
0.00019999999494757503,0.08773237466812134
0.00018000000272877514,0.0009268434369005263
0.09303999692201614,0.09196432679891586
0.0024399999529123306,0.0032879735808819532
0.00044999999227002263,5.026293365517631e-05
0.008899999782443047,0.00805726833641529
0.0004299999854993075,0.0022096100728958845
0.30066999793052673,0.1883382946252823
0.0007399999885819852,0.0027234579902142286
0.9331799745559692,0.932685911655426
0.3208000063896179,0.0034669721499085426
0.0257399994879961,0.010890234261751175
0.34551000595092773,0.3466436266899109
0.003109999932348728,0.28232160210609436
0.8718600273132324,0.8772128224372864
0.928629994392395,0.9155004620552063
0.0002800000074785203,0.005784105509519577
0.001930000027641654,0.0045222388580441475
0.0004299999854993075,0.0009259581565856934
0.009519999846816063,0.14422832429409027
0.0005200000014156103,0.0003912107495125383
0.08833000063896179,0.4978313744068146
0.0003000000142492354,0.002887349110096693
0.008849999867379665,0.0063683632761240005
0.10796999931335449,0.10664885491132736
0.04228999838232994,0.002649035071954131
0.8537600040435791,0.047614630311727524
0.00014000000373926014,0.0005818672943860292
0.3610999882221222,0.17560052871704102
0.7954099774360657,0.5747681856155396
0.8232899904251099,0.048554517328739166
0.0002500000118743628,0.0020676699932664633
0.0006300000241026282,0.0016576872440055013
0.0005000000237487257,0.0016370222438126802
0.011789999902248383,0.12435213476419449
0.00039000000106170774,0.1629401594400406
0.0004299999854993075,0.0011856536148115993
0.002050000010058284,0.0030621064361184835
0.0004299999854993075,0.0057008094154298306
0.010209999978542328,0.008272361010313034
0.0005499999970197678,0.0024785767309367657
0.0004299999854993075,0.0020318590104579926
0.0003499999875202775,0.001853119465522468
0.0003600000054575503,0.0013584747212007642
0.000910000002477318,0.004748187027871609
0.003909999970346689,0.0753774642944336
0.0004199999966658652,0.00733567401766777
0.003909999970346689,0.0035256624687463045
0.928629994392395,0.9124013781547546
0.0019099999917671084,0.0035395657178014517
0.22916999459266663,0.13395196199417114
0.0005600000149570405,0.07474451512098312
0.0003699999942909926,0.02966640330851078
0.0005000000237487257,0.006534700281918049
0.14566999673843384,0.15488865971565247
0.0003000000142492354,0.0007450822740793228
0.08833000063896179,0.07815206050872803
0.011780000291764736,0.016975313425064087
0.585070013999939,0.5789822340011597
0.0002300000051036477,0.0025714258663356304
0.0004199999966658652,0.0008448109729215503
0.9436600208282471,0.9463133811950684
0.9747999906539917,0.17560052871704102
0.0004299999854993075,0.002164343371987343
0.000699999975040555,0.006231220904737711
0.000750000006519258,0.4439459443092346
0.00044999999227002263,0.012525000609457493
0.013389999978244305,0.029324661940336227
0.025690000504255295,0.022276556119322777
0.0003800000122282654,0.0071584731340408325
0.000910000002477318,0.000695080729201436
0.0003800000122282654,0.000349006470059976
0.010359999723732471,0.011335236951708794
0.0018400000408291817,0.0008416633354499936
0.0014600000577047467,0.006642063148319721
0.0004299999854993075,0.0009436854161322117
0.045510001480579376,0.059819675981998444
0.027219999581575394,0.02850464917719364
0.0002500000118743628,0.047258514910936356
0.041749998927116394,0.034553542733192444
0.0003000000142492354,0.001803749124519527
0.000750000006519258,0.0022753302473574877
0.8487799763679504,0.8465241193771362
0.017009999603033066,0.020065754652023315
0.9441800117492676,0.8171905279159546
0.00044999999227002263,0.002812473801895976
0.00039000000106170774,0.001252843881957233
0.00044999999227002263,0.001856200280599296
0.0007699999841861427,0.002844982547685504
0.008899999782443047,0.018367407843470573
0.0008900000248104334,0.001166579662822187
0.0013699999544769526,0.0032863940577954054
0.04698000103235245,0.05280230939388275
0.0004299999854993075,0.0009720033849589527
0.00022000000171829015,0.003573256777599454
0.02507999911904335,0.6585551500320435
0.002899999963119626,0.0026364040095359087
0.0002500000118743628,0.0014844905817881227
0.00571999978274107,0.007712977007031441
0.00011000000085914508,0.002032538875937462
0.9149500131607056,0.5132988095283508
0.003379999892786145,0.006154167465865612
0.0007399999885819852,0.0018700322834774852
0.015589999966323376,0.06307481974363327
0.000539999979082495,0.010528123006224632
0.24079999327659607,0.06372490525245667
0.019099999219179153,0.011307194828987122
0.002259999979287386,0.01274724118411541
0.2327599972486496,0.06507434695959091
0.0005099999834783375,0.000260256405454129
0.06701000034809113,0.03939809277653694
0.0041600000113248825,0.2651190757751465
0.0010600000387057662,0.0010329348733648658
0.9437400102615356,0.5246042013168335
0.00011999999696854502,0.008450883440673351
0.020479999482631683,0.0020495981443673372
0.002460000105202198,0.002710787346586585
0.01370999962091446,0.02198059856891632
0.0005300000193528831,0.03438078239560127
0.9321699738502502,0.6796737313270569
0.9442700147628784,0.22925612330436707
0.0011500000255182385,0.0015540140448138118
0.002360000042244792,0.0013095445465296507
0.00953999999910593,0.012818250805139542
0.9441800117492676,0.9442155957221985
0.0022799998987466097,0.06507434695959091
0.022040000185370445,0.011307194828987122
0.0004299999854993075,0.5246042013168335
0.0004299999854993075,0.0016908803954720497
0.5847100019454956,0.5744968056678772
0.00018000000272877514,0.34708598256111145
0.0014400000218302011,0.035411983728408813
0.00018000000272877514,0.0045737470500171185
0.00044999999227002263,0.002991353627294302
0.0004299999854993075,0.002440235810354352
0.0015399999683722854,0.003466670634225011
0.0004299999854993075,0.0009767601732164621
0.008849999867379665,0.03703604266047478
0.025590000674128532,0.07770749181509018
0.0005300000193528831,0.001091850339435041
0.0002899999963119626,0.015073916874825954
0.0004299999854993075,0.0019515202147886157
0.00014000000373926014,0.09363216906785965
0.0027600000612437725,0.005689493380486965
0.09487999975681305,0.09729011356830597
0.01107999961823225,0.01678510382771492
0.0005699999746866524,0.019806139171123505
0.0004600000102072954,0.5847339630126953
0.0007399999885819852,0.4020059406757355
0.5723099708557129,0.5971485376358032
0.00015999999595806003,0.0005387086421251297
0.005539999809116125,0.4697636067867279
0.6215299963951111,0.6043651700019836
0.00018000000272877514,0.09543904662132263
0.0016199999954551458,0.0013077709591016173
0.03759000077843666,0.1900874525308609
0.0003000000142492354,0.001898033544421196
0.0006399999838322401,0.0016969498246908188
0.07840000092983246,0.00011900893150595948
0.0009200000204145908,0.021582337096333504
0.0006000000284984708,0.005960571579635143
0.0003100000030826777,0.10067237913608551
0.0022799998987466097,0.06507434695959091
0.00033999999868683517,0.001954251667484641
0.002319999970495701,0.000465014687506482
0.5723000168800354,0.5324195027351379
0.9436399936676025,0.049064669758081436
0.0004199999966658652,0.012326889671385288
0.9411500096321106,0.8489899039268494
0.002950000111013651,0.09363216906785965
0.008849999867379665,0.008378899656236172
0.0004299999854993075,0.0005894789937883615
0.0002500000118743628,0.00020730729738716036
0.0004299999854993075,0.0017936818767338991
0.03562000021338463,0.030025891959667206
0.0003499999875202775,0.13525055348873138
0.000590000010561198,0.0015195402083918452
0.037790000438690186,0.03981340304017067
0.007930000312626362,0.0025594874750822783
0.002570000011473894,0.0022543875966221094
0.015469999983906746,0.009352880530059338
0.008849999867379665,0.027199584990739822
0.6723899841308594,0.6678638458251953
0.0004299999854993075,0.002652529627084732
0.0004299999854993075,0.003128292039036751
0.008849999867379665,0.00976387970149517
0.0025100000202655792,0.0012684942921623588
0.0004299999854993075,0.00043557118624448776
0.4979200065135956,0.5068785548210144
0.0005600000149570405,0.0006232400774024427
0.4362199902534485,0.49929124116897583
0.008849999867379665,0.002053971402347088
0.0002800000074785203,0.003389280755072832
0.008849999867379665,0.004115771036595106
0.00018000000272877514,0.01537515502423048
0.005619999952614307,0.00565573712810874
0.0034099998883903027,0.006333658471703529
0.011909999884665012,0.04549316689372063
0.410180002450943,0.41053614020347595
0.0009699999936856329,0.0005768629489466548
0.0006300000241026282,0.000849264208227396
0.014630000106990337,0.02978712134063244
0.001500000013038516,0.027009639889001846
0.00018000000272877514,0.0007828044472262263
0.006990000139921904,0.20004902780056
0.0004299999854993075,0.0010533781023696065
0.0004199999966658652,0.0013560684164986014
0.000590000010561198,0.0009972573025152087
0.007379999849945307,0.01274724118411541
0.006039999891072512,0.0017351609421893954
0.0004199999966658652,0.0017366871470585465
0.0004400000034365803,0.0014952060300856829
0.20487000048160553,0.09516873955726624
0.008849999867379665,0.024589112028479576
0.041749998927116394,0.034553542733192444
0.5475299954414368,0.5458048582077026
0.0028099999763071537,0.004716689698398113
0.0004299999854993075,0.0011393288150429726
0.0004400000034365803,0.0440988652408123
0.03759000077843666,0.1900874525308609
0.00018000000272877514,0.0016676060622557998
0.0005499999970197678,0.001894226297736168
0.00023999999393709004,2.3403970772051252e-05
0.013179999776184559,0.03632071241736412
0.9539499878883362,0.3778183162212372
0.0009299999801442027,0.0002757971815299243
0.0001900000061141327,0.0006940104067325592
0.10239999741315842,0.041543036699295044
0.005470000207424164,0.0014666833449155092
0.0008099999977275729,0.02734975703060627
0.06304000318050385,0.06362613290548325
0.0014799999771639705,0.006039917003363371
0.04332000017166138,0.0450952909886837
0.0005600000149570405,0.005765202455222607
0.0004299999854993075,0.0016063619405031204
0.0007699999841861427,0.0020270822569727898
0.0004299999854993075,0.004031382501125336
0.00039000000106170774,0.0015322150429710746
0.002739999908953905,0.000917645578738302
0.0022799998987466097,0.3778183162212372
0.5271599888801575,0.5382440090179443
0.05130999907851219,0.09363216906785965
0.00044999999227002263,0.008142342790961266
0.001120000029914081,0.0018957107095047832
0.6237099766731262,0.44950082898139954
0.012160000391304493,0.0018209429690614343
0.680180013179779,0.6782913208007812
0.008390000090003014,0.005488561000674963
0.00018000000272877514,0.0009601484634913504
0.00018000000272877514,0.0015758496010676026
0.0876300036907196,0.12522710859775543
0.0003000000142492354,0.00036215444561094046
0.0004299999854993075,0.0016512562287971377
0.0007600000244565308,0.00042255016160197556
0.0002800000074785203,0.0011845383560284972
0.0004299999854993075,0.4889991879463196
0.004149999935179949,0.005884387064725161
0.002319999970495701,0.002088651992380619
0.9260200262069702,0.8804079294204712
0.0004299999854993075,0.00045513102668337524
0.0002099999983329326,4.304096364649013e-05
0.11648999899625778,0.20081084966659546
0.00026000000070780516,0.0031389377545565367
0.0005300000193528831,0.001634275889955461
0.008849999867379665,0.0019943469669669867
0.9415000081062317,0.9419222474098206
0.008849999867379665,0.004701216239482164
0.01735999993979931,0.014941820874810219
0.049059998244047165,0.3778183162212372
0.0376800000667572,0.024706397205591202
0.024460000917315483,0.015870850533246994
0.0010900000343099236,0.0065438514575362206
0.0003499999875202775,0.2833130359649658
0.5241000056266785,0.09820961207151413
0.026340000331401825,0.3778183162212372
0.00039000000106170774,0.008464775048196316
0.036240000277757645,0.39794328808784485
0.42201000452041626,0.16790787875652313
0.1507599949836731,0.153024822473526
0.003860000055283308,0.03871894255280495
0.008849999867379665,0.005687551572918892
0.0003100000030826777,0.00018575970898382366
0.0016499999910593033,0.00649251276627183
0.0004299999854993075,0.000615171913523227
0.0019099999917671084,0.003243852173909545
0.9299799799919128,0.8782917261123657
0.6938199996948242,0.0008126639877445996
0.00343999988399446,0.002970642875880003
0.0004299999854993075,0.3778183162212372
0.0004299999854993075,0.0010099193314090371
0.0007399999885819852,0.001735634170472622
0.0003800000122282654,0.006138734985142946
0.002570000011473894,0.005463210865855217
0.925570011138916,0.9239169359207153
0.00023999999393709004,0.3778183162212372
0.005100000184029341,0.02737686224281788
0.0004299999854993075,0.0010895769810304046
0.0003800000122282654,0.001345659838989377
0.9692400097846985,0.9665440917015076
0.9447399973869324,0.9464420080184937
0.0031900000758469105,0.0023006638512015343
0.5725299715995789,0.5694971680641174
0.9226599931716919,0.9128767848014832
0.7889099717140198,0.04072758927941322
0.304390013217926,0.28064650297164917
0.13705000281333923,0.4756690263748169
0.00016999999934341758,0.04379533603787422
0.011470000259578228,0.08767112344503403
0.0013500000350177288,0.0014134200755506754
0.00026000000070780516,0.00031564358505420387
0.009499999694526196,0.0019206207944080234
0.0013899999903514981,0.012482009828090668
0.8540700078010559,0.5529682636260986
0.9446099996566772,0.6734285950660706
0.0004799999878741801,0.0015332907205447555
0.00014000000373926014,0.09363218396902084
0.1632699966430664,0.006263159215450287
0.00018000000272877514,0.09543901681900024
0.9448500275611877,0.9313198328018188
0.026340000331401825,0.3778183162212372
0.008849999867379665,0.009566796943545341
0.9088600277900696,0.3387916386127472
0.0005499999970197678,0.39567506313323975
0.15324999392032623,0.14353476464748383
0.0015399999683722854,0.013488552533090115
0.7550600171089172,0.638548731803894
7.999999797903001e-05,0.009021557867527008
0.0007699999841861427,0.0008709643734619021
0.19463999569416046,0.26209473609924316
0.003120000008493662,0.01108163595199585
0.00044999999227002263,0.00025826162891462445
0.0004299999854993075,0.003470266703516245
0.00044999999227002263,0.0019395743729546666
0.7304499745368958,0.7347574234008789
0.0019499999471008778,0.00169599917717278
0.0004299999854993075,0.012639913707971573
