actual,predicted
0.022619999945163727,0.031166018918156624
0.00026000000070780516,0.0031816167756915092
0.830269992351532,0.8369427919387817
0.0017000000225380063,0.035017967224121094
0.0004299999854993075,0.0031084276270121336
0.0004299999854993075,0.0018604376818984747
0.35054999589920044,0.7049673199653625
0.001979999942705035,0.010886450298130512
0.0004299999854993075,0.0008304999209940434
0.0004299999854993075,0.0005703562055714428
0.008849999867379665,0.005818924866616726
0.13705000281333923,0.23808994889259338
0.04324999824166298,0.041391707956790924
0.011359999887645245,0.009755087085068226
0.0036299999337643385,0.007127226330339909
0.01360000018030405,0.009692705236375332
0.0004299999854993075,0.005974649917334318
0.0006099999882280827,0.011936310678720474
0.0001500000071246177,0.000596054655034095
0.1973699927330017,0.23808994889259338
0.00535999983549118,0.006634884048253298
0.0004299999854993075,0.0006610998534597456
0.0036899999249726534,0.01206416916102171
0.003530000103637576,0.0031561660580337048
0.15324999392032623,0.26102814078330994
0.0002099999983329326,0.0031735349912196398
0.001879999996162951,0.026328464969992638
0.0013000000035390258,0.003981021698564291
0.34540998935699463,0.34190261363983154
0.0004299999854993075,0.04137182980775833
0.0002099999983329326,0.0030228071846067905
0.17204999923706055,0.8173052072525024
0.0003100000030826777,0.0226606335490942
0.02631000056862831,0.018426749855279922
0.00018000000272877514,0.0019264202564954758
0.0004299999854993075,0.3118036389350891
0.0014799999771639705,0.14094671607017517
0.0002300000051036477,0.0019019056344404817
9.000000136438757e-05,0.0018037878908216953
0.00019999999494757503,0.005891451146453619
0.0011899999808520079,0.00661742128431797
0.0004299999854993075,0.003452097764238715
0.0004299999854993075,0.006798059679567814
0.0003000000142492354,0.0032608467154204845
0.0004299999854993075,0.0010830335086211562
0.000750000006519258,0.003332860767841339
0.0004299999854993075,0.0031096276361495256
0.005410000216215849,0.0060016014613211155
0.00016999999934341758,0.0005749886622652411
0.0002800000074785203,0.0011660074815154076
0.0028200000524520874,0.0034716043155640364
0.048089999705553055,0.04928404092788696
0.037790000438690186,0.03278922662138939
0.9094899892807007,0.8955479860305786
0.0009500000160187483,0.003138294443488121
0.016179999336600304,0.04037928208708763
0.000699999975040555,0.001227397471666336
7.999999797903001e-05,0.00390622578561306
0.0004299999854993075,0.0014402528759092093
0.0004299999854993075,0.004844927228987217
0.0004299999854993075,0.002482869429513812
0.18328000605106354,0.18062765896320343
0.9345300197601318,0.8341431617736816
0.00044999999227002263,0.0001371254911646247
0.001970000099390745,0.004414805676788092
0.0778300017118454,0.06417255848646164
0.20521999895572662,0.22355085611343384
0.0005300000193528831,0.0035260277800261974
0.005539999809116125,0.11278215050697327
0.0003499999875202775,0.0018321395618841052
0.16155000030994415,0.006604872178286314
0.3338100016117096,0.3314638137817383
0.0005000000237487257,0.007680114824324846
0.010049999691545963,0.006764686666429043
0.0007699999841861427,0.002816053107380867
0.0004600000102072954,0.0016717026010155678
0.0008200000156648457,0.004027361981570721
0.005239999853074551,0.0054896180517971516
0.009499999694526196,0.03769700229167938
0.00039999998989515007,0.0029192939400672913
0.00039999998989515007,0.022658539935946465
0.0004299999854993075,0.0011511490447446704
0.000910000002477318,0.0018769304733723402
0.0040699997916817665,0.004902911372482777
0.0013899999903514981,0.018362414091825485
0.0002300000051036477,0.0018536089919507504
0.0012600000482052565,0.022475533187389374
0.0011399999493733048,0.0019273482030257583
0.9439799785614014,0.8588742017745972
0.0028200000524520874,0.0034716043155640364
0.9373000264167786,0.9398331642150879
0.00033000000985339284,0.006944304797798395
0.0001900000061141327,0.0014312213752418756
0.029410000890493393,0.029983317479491234
0.9333400130271912,0.6052728295326233
0.004530000034719706,0.0027641342021524906
0.008849999867379665,0.08662550151348114
0.0007699999841861427,0.0024612515699118376
0.0005300000193528831,0.0031203925609588623
0.05618000030517578,0.03475575149059296
0.036240000277757645,0.011911149136722088
0.004650000017136335,0.0013618292286992073
0.00016999999934341758,0.03119916468858719
0.008849999867379665,0.005807934328913689
0.005539999809116125,0.11278215050697327
0.008849999867379665,0.005725331138819456
0.0019600000232458115,0.01258840411901474
0.0004299999854993075,0.08425656706094742
0.0005000000237487257,0.02551998384296894
0.0013000000035390258,0.001363794901408255
0.9444100260734558,0.9470914006233215
0.0020800000056624413,0.00718822842463851
0.008779999800026417,0.0069238063879311085
0.029410000890493393,0.029983317479491234
0.0005200000014156103,0.0013874716823920608
0.0035099999513477087,0.004971799440681934
5.999999848427251e-05,0.0011596179101616144
0.9659900069236755,0.9581283330917358
0.0002500000118743628,0.0028887277003377676
0.0003699999942909926,0.033565010875463486
0.6215299963951111,0.5938209295272827
0.0004299999854993075,0.0024348462466150522
0.010180000215768814,0.009470117278397083
0.9444400072097778,0.9003973603248596
0.01131999958306551,0.00773938512429595
0.002529999939724803,0.004727274179458618
0.9388399720191956,0.9414550065994263
0.0004299999854993075,0.0011764499358832836
0.9738500118255615,0.970732569694519
0.9734500050544739,0.9663586616516113
0.0005099999834783375,0.012761026620864868
0.0003600000054575503,0.002370851580053568
0.6486799716949463,0.7758956551551819
0.969980001449585,0.9619631171226501
0.7681499719619751,0.7720909118652344
0.0004299999854993075,0.0031553409062325954
0.0471699982881546,0.04808028042316437
0.0004199999966658652,0.0027338967192918062
0.008849999867379665,0.009820072911679745
0.0011099999537691474,0.007780042942613363
0.0003499999875202775,0.0023737349547445774
0.46208998560905457,0.45832425355911255
0.0005000000237487257,0.006170257925987244
0.0004299999854993075,0.0014569985214620829
0.0004299999854993075,0.0016667339950799942
0.022520000115036964,0.0174497589468956
0.00039000000106170774,0.000634254771284759
0.0004299999854993075,0.001102647976949811
0.9627699851989746,0.9581283330917358
0.1307400017976761,0.5812420845031738
0.0004299999854993075,0.002872771117836237
0.0009699999936856329,0.003922055941075087
0.0016899999463930726,0.14375223219394684
0.8726800084114075,0.1736791431903839
0.925059974193573,0.9315114617347717
0.00023999999393709004,0.002428482286632061
0.00033000000985339284,0.001251084846444428
0.8811299800872803,0.8873292207717896
0.00018000000272877514,0.0036455693189054728
0.0008200000156648457,0.005878958385437727
0.00011999999696854502,0.0357641838490963
0.0014600000577047467,0.00691960146650672
0.6755399703979492,0.640691876411438
0.0004299999854993075,0.0012873619562014937
0.0005000000237487257,0.0007635156507603824
0.0002800000074785203,0.0039895279332995415
0.00041000000783242285,0.0020730362739413977
0.000910000002477318,0.00043965366785414517
0.0005300000193528831,0.0033462131395936012
0.00044999999227002263,0.02101634442806244
0.0002800000074785203,0.0032050353474915028
0.0028299998957663774,0.00444788346067071
0.9442300200462341,0.7798540592193604
0.0009800000116229057,0.0022251594346016645
0.0004299999854993075,0.002525890711694956
0.006049999967217445,0.0023349670227617025
0.00013000000035390258,0.0021895107347518206
0.012729999609291553,0.005542991682887077
0.001180000021122396,0.02731628715991974
0.0005099999834783375,0.01025119423866272
0.007890000008046627,0.003951079677790403
0.0026000000070780516,0.0032535181380808353
0.008849999867379665,0.008172021247446537
0.00044999999227002263,0.0053052580915391445
0.0004299999854993075,0.0026522078551352024
0.6849499940872192,0.22766049206256866
0.005119999870657921,0.026328451931476593
0.0012100000167265534,0.037583351135253906
0.01107999961823225,0.004618879873305559
0.0009800000116229057,0.0012530985986813903
0.002950000111013651,0.0014973781071603298
0.9377800226211548,0.9481139779090881
0.0013000000035390258,0.00278500490821898
0.004089999943971634,0.007281028665602207
0.0004299999854993075,0.007454505190253258
0.020589999854564667,0.031166018918156624
0.0003100000030826777,0.001713338540866971
9.999999747378752e-05,0.004147482104599476
0.0005499999970197678,0.0025132009759545326
0.6071599721908569,0.6015547513961792
0.0004299999854993075,0.4610529839992523
0.00033000000985339284,0.001251084846444428
0.0033100000582635403,0.005847489926964045
0.0006699999794363976,0.0041372887790203094
0.0004299999854993075,0.007359273266047239
0.028750000521540642,0.14590215682983398
0.003860000055283308,0.11278215050697327
0.0007699999841861427,0.00407370924949646
0.0005099999834783375,0.016179272904992104
0.019460000097751617,0.26102814078330994
0.0002899999963119626,0.0004332652024459094
0.00019999999494757503,0.008494386449456215
0.3949599862098694,0.40180709958076477
0.5604599714279175,0.14934590458869934
0.0006399999838322401,0.005238950718194246
0.000539999979082495,0.003452097764238715
0.0004299999854993075,0.0032942364923655987
0.0007099999929778278,0.0009260071674361825
0.00018000000272877514,0.003432783531025052
0.08833000063896179,0.06420440971851349
0.32050999999046326,0.2524392008781433
0.0008399999933317304,0.0013651710469275713
0.010400000028312206,0.006604872178286314
0.0003000000142492354,0.0012790729524567723
0.00046999999904073775,0.0012788305757567286
0.0011099999537691474,0.004230179358273745
0.0033599999733269215,0.0036699187476187944
0.0004299999854993075,0.003203134983778
0.4530700147151947,0.5065840482711792
0.9376199841499329,0.9350659251213074
0.0010499999625608325,0.004618186969310045
0.0004299999854993075,0.003148528514429927
0.9442099928855896,0.5642109513282776
0.8924099802970886,0.36356526613235474
0.0010600000387057662,0.2411043345928192
0.0004299999854993075,0.032674986869096756
0.0012000000569969416,0.003544518491253257
0.025590000674128532,0.10059948265552521
0.006459999829530716,0.008087518624961376
0.0006500000017695129,0.0274907685816288
0.0003100000030826777,0.0008820275543257594
0.3892900049686432,0.23808994889259338
0.0013699999544769526,0.011948582716286182
0.011789999902248383,0.07771416753530502
0.0008699999889358878,0.003581294557079673
0.9426400065422058,0.9435972571372986
0.009499999694526196,0.008123636245727539
0.006120000034570694,0.007996879518032074
0.9750800132751465,0.8001569509506226
0.0006099999882280827,0.042796239256858826
0.0004299999854993075,0.0036927773617208004
0.0006500000017695129,0.001617227215319872
0.0004600000102072954,0.0018779936945065856
0.00044999999227002263,0.0009725199197418988
0.20152999460697174,0.2020084112882614
0.9439499974250793,0.46369972825050354
0.00026000000070780516,0.015492429956793785
0.0004299999854993075,0.0006734885973855853
0.0013500000350177288,0.007116032764315605
0.9083300232887268,0.9113107323646545
0.0001500000071246177,0.008609008975327015
0.0028099999763071537,0.08611411601305008
0.0016299999551847577,0.021722817793488503
0.9217100143432617,0.9256808757781982
0.011780000291764736,0.010445080697536469
0.00953999999910593,0.005397243425250053
0.00016999999934341758,0.0019264175789430737
0.002099999925121665,0.004589641932398081
0.0005499999970197678,0.012930194847285748
0.00046999999904073775,0.01394703146070242
0.002240000059828162,0.0038454271852970123
0.00016999999934341758,0.005642863921821117
0.003530000103637576,0.0031561660580337048
0.026340000331401825,0.016416801139712334
0.0003000000142492354,0.005271597765386105
0.0012600000482052565,0.0058014183305203915
0.00044999999227002263,0.00030976973357610404
0.0006399999838322401,0.004181199707090855
0.08121000230312347,0.055964186787605286
0.0005499999970197678,0.001178715843707323
0.04185999929904938,0.02983059361577034
0.024299999698996544,0.00718822842463851
0.0004600000102072954,0.029873088002204895
0.0004299999854993075,0.001698337378911674
0.024299999698996544,0.05895918980240822
0.0004400000034365803,0.002114060102030635
3.9999998989515007e-05,0.0019207579316571355
0.0003800000122282654,0.0031735349912196398
0.0004799999878741801,0.0010434237774461508
0.00546000013127923,0.007996879518032074
0.6628000140190125,0.002789934165775776
0.0003000000142492354,0.0008219706942327321
0.0028200000524520874,0.0034716043155640364
0.0011599999852478504,0.007246413733810186
0.011130000464618206,0.006931663490831852
0.00015999999595806003,0.005165951792150736
0.003010000102221966,0.026328464969992638
0.655019998550415,0.6528616547584534
0.0004299999854993075,0.004125390201807022
0.9656800031661987,0.8001569509506226
0.0002099999983329326,0.0030787589494138956
0.00014000000373926014,0.19179126620292664
0.00022000000171829015,0.002860028063878417
0.0006900000153109431,0.0036588015500456095
0.0016599999507889152,0.0007698821718804538
0.0018899999558925629,0.004233846440911293
0.00018000000272877514,0.1109108105301857
0.000910000002477318,0.0018003406003117561
0.0003000000142492354,0.001531508401967585
0.9117500185966492,0.7660200595855713
0.0004299999854993075,0.3602408766746521
0.5475299954414368,0.5487244129180908
0.3681800067424774,0.23808994889259338
0.000750000006519258,0.00532052107155323
0.0005499999970197678,0.005249418318271637
0.8849300146102905,0.8898503184318542
0.037790000438690186,0.029045742005109787
0.0001900000061141327,0.014358602464199066
0.9439399838447571,0.6952396631240845
0.00039999998989515007,0.0007552051683887839
0.0003800000122282654,0.0032602606806904078
0.000750000006519258,0.052623312920331955
0.0003000000142492354,0.0021278720814734697
0.9331799745559692,0.867339551448822
0.31498000025749207,0.1350432187318802
0.00559999980032444,0.5841156840324402
0.22916999459266663,0.2524392008781433
0.0272000003606081,0.040786415338516235
0.036240000277757645,0.11278215050697327
0.01785999909043312,0.014451858587563038
0.011579999700188637,0.009548700414597988
0.0002099999983329326,0.0031735349912196398
0.8190600275993347,0.026328464969992638
0.9445499777793884,0.9466232657432556
0.008849999867379665,0.007325975224375725
0.0004299999854993075,0.003930645529180765
0.0014400000218302011,0.12977534532546997
0.0007699999841861427,0.0026363201905041933
0.8854699730873108,0.8711150288581848
0.8872900009155273,0.8906356692314148
0.9588500261306763,0.925614058971405
0.0004299999854993075,0.0017624140018597245
0.01785999909043312,0.014451858587563038
0.00039000000106170774,0.0027366362046450377
0.0003000000142492354,0.0035862119402736425
0.0002800000074785203,0.002885345835238695
0.001129999989643693,0.010689676739275455
0.016499999910593033,0.012169407680630684
0.0006799999973736703,0.0048418170772492886
0.7891299724578857,0.7905956506729126
0.010359999723732471,0.024306459352374077
0.0005000000237487257,0.0014771951828151941
0.00018000000272877514,0.0007939291535876691
0.9433199763298035,0.9440321922302246
0.8322799801826477,0.3786100149154663
0.036240000277757645,0.15539602935314178
0.0028200000524520874,0.0034716043155640364
0.9443600177764893,0.9474076628684998
0.010359999723732471,0.1188264712691307
0.0011500000255182385,0.0044359611347317696
0.0005300000193528831,0.0004999423399567604
0.002460000105202198,0.0031561660580337048
0.008139999583363533,0.11850620806217194
0.0004299999854993075,0.004552739206701517
0.002099999925121665,0.0037231214810162783
0.04918000102043152,0.3075440227985382
0.0013899999903514981,0.006307576783001423
0.0007399999885819852,0.004574300721287727
0.9436500072479248,0.9463487863540649
0.01155999954789877,0.01981552317738533
0.9436600208282471,0.9395555853843689
0.0004299999854993075,0.0020634327083826065
0.0009800000116229057,0.12037322670221329
0.9439799785614014,0.948169469833374
0.003530000103637576,0.0025522110518068075
0.0003800000122282654,0.009692155756056309
0.02198999933898449,0.020869020372629166
0.004879999905824661,0.5841156840324402
0.00039999998989515007,0.006542818620800972
0.008849999867379665,0.06296271830797195
0.32050999999046326,0.2524392008781433
0.0015899999998509884,0.0029536476358771324
0.0033400000538676977,0.012830040417611599
0.0012700000079348683,0.004728176165372133
0.00018000000272877514,0.000858078885357827
0.0010499999625608325,0.0019186766585335135
0.0004299999854993075,0.0020456702914088964
0.0009800000116229057,0.0023960729595273733
0.0005499999970197678,0.019322140142321587
0.0006900000153109431,0.0014236986171454191
0.036240000277757645,0.11278215050697327
0.13705000281333923,0.23808994889259338
0.0012000000569969416,0.0021072058007121086
0.00039000000106170774,0.0010369551600888371
0.0025100000202655792,0.0004111247253604233
0.0009399999980814755,0.003670231206342578
0.03336000069975853,0.029549675062298775
0.0006799999973736703,0.0008239885210059583
0.8752599954605103,0.8937015533447266
0.06902000308036804,0.08636248856782913
0.00044999999227002263,0.00244541116990149
0.00011999999696854502,0.0357641838490963
0.9441800117492676,0.944839358329773
0.08191999793052673,0.8001569509506226
0.0009299999801442027,0.0007382856565527618
0.039319999516010284,0.023541860282421112
0.0005499999970197678,0.0028792719822376966
0.02686000056564808,0.0007954873144626617
0.016119999811053276,0.00984562560915947
0.00039999998989515007,0.0019932398572564125
0.002460000105202198,0.004535306710749865
0.0012700000079348683,0.006911377888172865
0.0007699999841861427,0.0032878343481570482
0.0005300000193528831,0.03414541855454445
0.0004299999854993075,0.0021212524734437466
0.0007399999885819852,0.0009002021979540586
0.0004299999854993075,0.0009655429166741669
0.0004299999854993075,0.0027931518852710724
0.0024800000246614218,0.0038225059397518635
0.8983200192451477,0.5531895756721497
0.01319000031799078,0.017002802342176437
0.0009299999801442027,0.003094414481893182
0.05651000142097473,0.026483649387955666
0.0004299999854993075,0.0032051969319581985
0.0007099999929778278,0.007600634358823299
0.00011000000085914508,0.011438804678618908
0.00018000000272877514,0.0020516160875558853
0.0004299999854993075,0.0048846472054719925
0.01054999977350235,0.009171252138912678
0.0004400000034365803,0.000852856261190027
0.10835999995470047,0.07174675166606903
0.008849999867379665,0.0037640780210494995
0.00026000000070780516,0.006890632677823305
0.3834100067615509,0.46806737780570984
0.0020200000144541264,0.002581001026555896
0.8109999895095825,0.8131290078163147
0.001879999996162951,0.026328451931476593
0.0014700000174343586,0.0017633832758292556
0.0012100000167265534,0.0036992356181144714
0.925570011138916,0.9297631978988647
0.5176200270652771,0.5580831170082092
0.9117500185966492,0.9236980080604553
0.0004299999854993075,0.0028985992539674044
0.0008099999977275729,0.0017255101120099425
0.0008800000068731606,0.0020356441382318735
0.0004799999878741801,0.003208265407010913
0.01795000024139881,0.0041249534115195274
0.0004299999854993075,0.0012373451609164476
0.30807000398635864,0.2678457796573639
0.0009299999801442027,0.0006136078736744821
0.0028899998869746923,0.007996879518032074
0.0008299999753944576,0.008170807734131813
0.010359999723732471,0.1188264712691307
0.9222300052642822,0.9270901083946228
0.00018000000272877514,0.0020516160875558853
0.00039999998989515007,0.002459306502714753
0.0008999999845400453,0.0013787222560495138
0.001509999972768128,0.0006799277616664767
0.9092299938201904,0.7660200595855713
0.01360000018030405,0.009692705236375332
0.006219999864697456,0.026328464969992638
0.007290000095963478,0.005529251415282488
0.0004299999854993075,0.0015275569166988134
0.011830000206828117,0.04393922537565231
0.34551000595092773,0.33581703901290894
0.0040699997916817665,0.0034716043155640364
0.0003000000142492354,0.002250436693429947
0.0008800000068731606,0.40573450922966003
0.410180002450943,0.4569404721260071
0.0005799999926239252,0.230337455868721
0.0002500000118743628,0.0031735349912196398
0.004399999976158142,0.004481169860810041
0.8714600205421448,0.8795655965805054
0.17541000247001648,0.0021463464945554733
0.0004400000034365803,0.005077099893242121
0.0005200000014156103,0.00450519472360611
0.9441199898719788,0.946253776550293
0.008849999867379665,0.008928485214710236
9.000000136438757e-05,0.0049712094478309155
0.0005200000014156103,0.005397571250796318
0.011830000206828117,0.00940714031457901
0.0014100000262260437,0.005450858734548092
0.0003000000142492354,0.0004898335901089013
0.08833000063896179,0.08636248856782913
0.0004400000034365803,0.0015847040340304375
0.0030700000934302807,0.026328464969992638
0.008209999650716782,0.007536926306784153
0.09239999949932098,0.1350432187318802
0.0004299999854993075,0.001745827728882432
0.9427400231361389,0.9444780945777893
0.672540009021759,0.004076008219271898
0.002420000033453107,0.017699677497148514
0.015370000153779984,0.018674805760383606
0.07840000092983246,0.024359529837965965
0.0003000000142492354,0.0047374931164085865
0.00044999999227002263,0.002048754831776023
0.9433199763298035,0.8001569509506226
0.0006399999838322401,0.005992124788463116
0.5730299949645996,0.5691442489624023
0.0004299999854993075,0.003452097764238715
0.0002800000074785203,0.0007654946530237794
0.000910000002477318,0.0014682470355182886
0.00018000000272877514,0.002972777234390378
0.0004299999854993075,0.001981173874810338
0.0005499999970197678,0.0031740872655063868
0.8440300226211548,0.8464074730873108
0.9408699870109558,0.00956367515027523
0.011029999703168869,0.005756973288953304
0.9099900126457214,0.9183812141418457
0.00046999999904073775,0.00176340586040169
0.0030700000934302807,0.0036343769170343876
0.002099999925121665,0.004589641932398081
0.00016999999934341758,0.00043938757153227925
0.0004299999854993075,0.007131097838282585
0.9434900283813477,0.9437549114227295
0.08833000063896179,0.06420440971851349
0.0003699999942909926,0.0014769334811717272
0.9446099996566772,0.9458527565002441
0.0004299999854993075,0.001420348882675171
0.9423699975013733,0.06854274123907089
0.0004299999854993075,0.15491975843906403
0.0003800000122282654,0.009692155756056309
7.999999797903001e-05,0.004054131917655468
0.3949599862098694,0.40180709958076477
0.0810299962759018,0.023569433018565178
0.002319999970495701,0.004544426687061787
0.00016999999934341758,0.0030556037090718746
0.0011099999537691474,0.003484220476821065
0.03711999952793121,0.03505762666463852
0.00033000000985339284,0.017197787761688232
0.0004400000034365803,0.0009061534074135125
0.08833000063896179,0.08636248856782913
0.00026000000070780516,0.004078959580510855
0.0004400000034365803,0.0010252994252368808
0.030500000342726707,0.010627568699419498
0.0007099999929778278,0.3731076717376709
0.000539999979082495,0.001794388866983354
0.03570999950170517,0.0041495878249406815
0.011789999902248383,0.007390505168586969
0.0006799999973736703,0.0038266172632575035
0.000750000006519258,0.003332860767841339
0.000750000006519258,0.002117894124239683
0.0008200000156648457,0.0019681942649185658
0.00016999999934341758,0.003865505801513791
0.000910000002477318,0.008937063626945019
0.019740000367164612,0.018122561275959015
0.008849999867379665,0.0027418830431997776
0.4902400076389313,0.004943278152495623
0.000539999979082495,0.003484992077574134
0.3660300076007843,0.2127983123064041
0.00018000000272877514,0.0020516160875558853
0.0003499999875202775,0.0018571659456938505
0.006149999797344208,0.012091923505067825
0.0002800000074785203,0.0024422237183898687
0.0015800000401213765,0.004821729846298695
0.019009999930858612,0.015957100316882133
0.0005000000237487257,0.014970623888075352
0.5619800090789795,0.22766049206256866
0.0010600000387057662,0.0050737266428768635
0.0006500000017695129,0.003129001706838608
0.00023999999393709004,0.001972738653421402
0.011789999902248383,0.01057498250156641
0.0011500000255182385,0.0024089827202260494
0.006599999964237213,0.004397053737193346
0.004769999999552965,0.0017929911846295
0.00014000000373926014,0.02361791580915451
0.8538200259208679,0.11236369609832764
0.00013000000035390258,0.004879138432443142
0.11331000179052353,0.10091154277324677
0.000910000002477318,0.0024979643058031797
0.011830000206828117,0.025441575795412064
0.0004600000102072954,0.002339276485145092
0.0019600000232458115,0.38814619183540344
0.0004299999854993075,0.0011747294338420033
0.00039999998989515007,0.0023023951798677444
0.044920001178979874,0.14034686982631683
0.0006900000153109431,0.0035125561989843845
0.17541000247001648,0.0021463464945554733
0.000590000010561198,0.003084363415837288
0.003109999932348728,0.0016795044066384435
0.003860000055283308,0.11278215050697327
0.23291000723838806,0.2285398691892624
0.8733299970626831,0.892698347568512
0.01155999954789877,0.01981549710035324
0.5475299954414368,0.07771416753530502
0.00044999999227002263,0.0022914644796401262
0.0004299999854993075,0.0037142920773476362
0.911109983921051,0.9122605323791504
0.00011000000085914508,0.003270949935540557
0.0002300000051036477,0.0019009209936484694
0.925570011138916,0.9297630786895752
0.0002500000118743628,0.04441048949956894
0.00039000000106170774,0.0036157588474452496
0.008849999867379665,0.045820292085409164
0.001509999972768128,0.0015342370606958866
0.015370000153779984,0.016062144190073013
0.0007200000109151006,0.04510935768485069
0.00016999999934341758,0.0021003575529903173
0.0009299999801442027,0.012272240594029427
0.0003499999875202775,0.0023737349547445774
0.00041000000783242285,0.0023324103094637394
0.0005000000237487257,0.0011001271195709705
0.9300699830055237,0.9149369597434998
0.0002899999963119626,0.0026453298050910234
0.0004600000102072954,0.021635228767991066
0.008849999867379665,0.007508665323257446
0.016179999336600304,0.04037928208708763
0.01319000031799078,0.017002802342176437
0.3190400004386902,0.32189086079597473
0.002099999925121665,0.11890200525522232
0.632099986076355,0.6305230259895325
0.017980000004172325,0.027522971853613853
0.008790000341832638,0.0071308547630906105
0.0004299999854993075,0.0005703562055714428
0.01090999972075224,0.003541806945577264
0.0012799999676644802,0.005972429644316435
0.01286999974399805,0.01866205595433712
0.008849999867379665,0.005244515370577574
0.001339999958872795,0.0029850646387785673
0.0004299999854993075,0.0005860563833266497
0.0004299999854993075,0.00041964091360569
0.16864000260829926,0.02565648965537548
0.002050000010058284,0.0012548232916742563
0.0004299999854993075,0.001746494323015213
0.0004299999854993075,0.0011059596436098218
0.013209999538958073,0.0032216620165854692
0.09957999736070633,0.10059948265552521
0.0003000000142492354,0.0014348665717989206
0.7681499719619751,0.7720909118652344
0.8322799801826477,0.3786100149154663
0.008849999867379665,0.019971517845988274
0.7819899916648865,0.3924354612827301
0.0004299999854993075,0.0006117416196502745
0.004840000066906214,0.016411837190389633
0.6628000140190125,0.002789934165775776
0.0004299999854993075,0.0019423345802351832
0.037790000438690186,0.02837906777858734
0.00033999999868683517,0.00026099217939190567
0.9100800156593323,0.892698347568512
0.9442700147628784,0.9241772294044495
0.00023999999393709004,0.04476752504706383
0.000539999979082495,0.002298959530889988
0.0009699999936856329,0.00234371074475348
0.00041000000783242285,0.0023457163479179144
0.0015399999683722854,0.0019399195443838835
0.0005300000193528831,0.04143032059073448
0.0015399999683722854,0.003374969819560647
0.0004299999854993075,0.0014675067504867911
0.00033000000985339284,0.006699216086417437
0.00018000000272877514,0.0037154110614210367
0.0005699999746866524,0.020067788660526276
0.04355999827384949,0.027400324121117592
0.0002800000074785203,0.012875298969447613
0.0002899999963119626,0.0019723498262465
0.021730000153183937,0.002086556749418378
0.0002500000118743628,0.0005920188850723207
0.021719999611377716,0.016247587278485298
0.0004299999854993075,0.0008789941784925759
0.037790000438690186,0.03216138109564781
0.0018100000452250242,0.025378393009305
0.00046999999904073775,0.0020353118889033794
0.9385700225830078,0.9481139779090881
0.00044999999227002263,0.001788412337191403
0.008849999867379665,0.009163363836705685
0.0015399999683722854,0.00438343733549118
0.03711999952793121,0.06174224615097046
0.0014400000218302011,0.0038706501945853233
0.029410000890493393,0.039726268500089645
0.0005499999970197678,0.002485858043655753
0.0002800000074785203,0.0007768323994241655
0.008849999867379665,0.015857135877013206
0.0004400000034365803,0.37878262996673584
0.26232001185417175,0.26489970088005066
0.0010600000387057662,0.0031070788390934467
0.008849999867379665,0.001815352588891983
0.11343999952077866,0.01235883217304945
0.0015699999639764428,0.0035050385631620884
0.0002099999983329326,0.008470339700579643
0.0013899999903514981,0.0035125561989843845
0.00039000000106170774,0.00741609837859869
0.20728999376296997,0.23808994889259338
0.0015300000086426735,0.0007830230752006173
0.00011999999696854502,0.004899220075458288
0.0011500000255182385,0.0026419281493872404
0.030500000342726707,0.010627568699419498
0.00018000000272877514,0.005463729612529278
0.008849999867379665,0.001706162584014237
0.9256399869918823,0.9276506900787354
0.0493599995970726,0.001151925534941256
0.00107999995816499,0.004069731570780277
0.00107999995816499,0.0009871507063508034
0.00039999998989515007,0.03621916472911835
0.00026000000070780516,0.046792056411504745
0.0013899999903514981,0.009422531351447105
0.008849999867379665,0.0021331903990358114
0.760670006275177,0.4966764450073242
0.00022000000171829015,0.0034680296666920185
0.033560000360012054,0.03177331015467644
0.0004299999854993075,0.001123461639508605
0.00039000000106170774,0.0014783694641664624
0.5020800232887268,0.1553959995508194
0.0013299999991431832,0.00400916812941432
0.039480000734329224,0.03535422682762146
0.0008399999933317304,0.0027207962702959776
0.009499999694526196,0.007729245349764824
0.00041000000783242285,0.0018777345540001988
0.001500000013038516,0.004537641070783138
0.00022000000171829015,0.022117651998996735
0.044920001178979874,0.07839779555797577
0.0037700000684708357,0.0027198533061891794
0.036240000277757645,0.11278215050697327
0.00406000018119812,0.004589641932398081
0.0016700000269338489,0.003951041493564844
0.00013000000035390258,0.001991910394281149
0.0002800000074785203,0.001146154128946364
0.0004299999854993075,0.001352911931462586
0.8786500096321106,0.06071503087878227
0.944130003452301,0.949569582939148
0.0004400000034365803,0.000866206712089479
0.0004600000102072954,0.002575306687504053
0.00044999999227002263,0.00231146696023643
0.0009800000116229057,0.002311058109626174
0.0002800000074785203,0.0010781391756609082
0.0019000000320374966,0.004755615256726742
0.0005699999746866524,0.0013456989545375109
0.8440300226211548,0.8450603485107422
0.11307000368833542,0.05371161177754402
0.036979999393224716,0.026985207572579384
0.006149999797344208,0.6006485819816589
0.0004799999878741801,0.005424961447715759
0.0004299999854993075,0.0030575026758015156
0.0026499999221414328,0.026328451931476593
0.036240000277757645,0.004080028273165226
0.9747999906539917,0.968001127243042
0.6446300148963928,0.20291750133037567
0.0005699999746866524,0.560772180557251
0.05178999900817871,0.007136944681406021
0.0004400000034365803,0.0035881667863577604
0.1916400045156479,0.005794320721179247
0.6515499949455261,0.6539497971534729
0.0004299999854993075,0.0008132325019687414
0.0004299999854993075,0.0011451379396021366
0.026920000091195107,0.0036612199619412422
0.0005499999970197678,0.004823778290301561
0.0002099999983329326,0.020622842013835907
0.057509999722242355,0.05610575154423714
0.020109999924898148,0.029983365908265114
0.0004299999854993075,0.002398031996563077
0.0008200000156648457,0.0789220854640007
0.20728999376296997,0.30881890654563904
0.0002800000074785203,0.0016385091003030539
0.00039000000106170774,0.005069763399660587
0.0013000000035390258,0.003981021698564291
0.0024999999441206455,0.028102530166506767
0.5723099708557129,0.40905025601387024
0.0006300000241026282,0.003977937623858452
0.0012600000482052565,0.0013880017213523388
0.0028899998869746923,0.008729095570743084
0.0012600000482052565,0.01863715797662735
0.9627699851989746,0.9581283330917358
0.0471699982881546,0.04808028042316437
0.001449999981559813,0.14375223219394684
0.003809999907389283,0.23808994889259338
0.0004299999854993075,0.00337485084310174
0.0004299999854993075,0.0034236263018101454
0.0038799999747425318,0.002675469499081373
0.003220000071451068,0.003081404836848378
0.0037799999117851257,0.0049878680147230625
0.001180000021122396,0.027189113199710846
0.0026700000744313,0.005233278032392263
0.0004400000034365803,0.0014015890192240477
0.9071400165557861,0.8956155180931091
0.1973699927330017,0.19688226282596588
0.001550000044517219,0.004853541497141123
0.0004600000102072954,0.0025522110518068075
0.00026000000070780516,0.0015797971282154322
0.0004900000058114529,0.0016363910399377346
0.0028200000524520874,0.007996879518032074
0.3226200044155121,0.32648056745529175
0.3897800147533417,0.4357335567474365
0.22791999578475952,0.003883220022544265
0.00033000000985339284,0.10964113473892212
0.0004299999854993075,0.0007637371891178191
0.0004299999854993075,0.01170950848609209
0.005739999935030937,0.00025593661121092737
0.00016999999934341758,0.0019264175789430737
0.0006300000241026282,0.00405748700723052
0.0010300000431016088,0.2137977033853531
0.01795000024139881,0.0041249534115195274
0.0015800000401213765,0.006843855604529381
0.0004299999854993075,0.0018940576119348407
0.9436600208282471,0.9473430514335632
0.8726800084114075,0.1736791431903839
0.19463999569416046,0.004146101884543896
0.0007999999797903001,0.0019487591926008463
0.01155999954789877,0.01981552317738533
0.0005200000014156103,0.0010447984095662832
0.00011000000085914508,0.003927068319171667
0.0030499999411404133,0.009997813031077385
0.0013500000350177288,0.007116046734154224
0.0003000000142492354,0.0010562546085566282
0.0013099999632686377,0.004069640766829252
0.0005000000237487257,0.004300300497561693
0.0004299999854993075,0.002924453467130661
0.0025400000158697367,0.005203272681683302
0.0004600000102072954,0.003964191768318415
0.036240000277757645,0.1553959995508194
0.00033000000985339284,0.006561426445841789
0.03700999915599823,0.036268774420022964
0.000910000002477318,0.001440993044525385
0.07434999942779541,0.4056679606437683
0.9428300261497498,0.9456191062927246
0.036979999393224716,0.026985207572579384
0.05280999839305878,0.003239806042984128
0.8372899889945984,0.7838185429573059
0.3338100016117096,0.3314638137817383
0.0005799999926239252,0.0005432500620372593
0.005510000046342611,0.0044396077282726765
0.011959999799728394,0.00739344023168087
0.0002099999983329326,0.04858678951859474
0.0010000000474974513,0.003544518491253257
0.9233599901199341,0.924903154373169
0.0007399999885819852,0.037945523858070374
0.00011999999696854502,0.0020696474239230156
0.000590000010561198,0.05720815062522888
0.0028200000524520874,0.0034716043155640364
0.9444400072097778,0.9470914602279663
0.002050000010058284,0.003090157639235258
0.026399999856948853,0.0020446758717298508
0.1973699927330017,0.23808994889259338
0.0031799999997019768,0.21561531722545624
0.2431900054216385,0.3925023674964905
0.0003800000122282654,0.0032602606806904078
0.9415000081062317,0.9445429444313049
0.9286800026893616,0.9399836659431458
0.9395400285720825,0.5841156840324402
0.00953999999910593,0.009128358215093613
0.0342399999499321,0.07343274354934692
0.0004299999854993075,0.0005703562055714428
0.004459999967366457,0.005517459940165281
0.026820000261068344,0.02489279955625534
0.0011099999537691474,0.003484220476821065
0.0009500000160187483,0.004931873641908169
0.0010300000431016088,0.014507908374071121
0.0020800000056624413,0.00718822842463851
0.0011899999808520079,0.00661742128431797
0.00039999998989515007,0.0005014628986828029
0.9217100143432617,0.9256808757781982
0.00011000000085914508,0.003270949935540557
0.008849999867379665,0.014837822876870632
0.0005300000193528831,0.009005905129015446
0.004879999905824661,0.5841156840324402
0.009689999744296074,0.008423680439591408
0.00395999988541007,0.026328464969992638
0.04586999863386154,0.06417255848646164
0.01549999974668026,0.00039204873610287905
0.0010400000028312206,0.0023057996295392513
0.0012700000079348683,0.14375223219394684
0.024159999564290047,0.019552486017346382
0.020549999549984932,0.06998129189014435
0.9124299883842468,0.8956155180931091
0.0007999999797903001,0.00721370056271553
0.000699999975040555,0.0031683396082371473
0.0003000000142492354,0.02410421147942543
0.0013099999632686377,0.004812136292457581
0.8836699724197388,0.8883953094482422
0.008779999800026417,0.22559700906276703
0.22916999459266663,0.2524392008781433
0.4979200065135956,0.5309388637542725
0.0020200000144541264,0.003374969819560647
0.003109999932348728,0.005943900439888239
0.0024300001095980406,0.0016562207601964474
0.0014400000218302011,0.0015379368560388684
0.01054999977350235,0.004371035378426313
0.5619300007820129,0.4569404721260071
0.0004299999854993075,0.0024697654880583286
0.0006300000241026282,0.0010579494992271066
0.018570000305771828,0.06174224615097046
0.0016599999507889152,0.0062990193255245686
0.00033000000985339284,0.00035877389018423855
0.0015899999998509884,0.00321405753493309
0.0005200000014156103,0.004633479285985231
0.0005600000149570405,0.07136883586645126
0.06902000308036804,0.06420440971851349
0.9385700225830078,0.9481140971183777
0.0002800000074785203,0.005796310491859913
0.0005300000193528831,0.04143032059073448
0.01551000028848648,0.009041765704751015
0.940559983253479,0.9457552433013916
0.011859999969601631,0.00940714031457901
0.0129399998113513,0.001190083916299045
0.008899999782443047,0.006696750875562429
0.17574000358581543,0.30581122636795044
0.025529999285936356,0.002086556749418378
0.01155999954789877,0.01981549710035324
0.0004299999854993075,0.0005189931252971292
0.0005300000193528831,0.0031203925609588623
0.00044999999227002263,0.0042417459189891815
0.00044999999227002263,0.0016722589498385787
0.0011899999808520079,0.003604711266234517
0.00016999999934341758,0.0011257344158366323
0.0004299999854993075,0.049627915024757385
0.0004299999854993075,0.0006277600768953562
0.0028200000524520874,0.006905450019985437
0.0003000000142492354,0.0033617776352912188
0.00044999999227002263,0.0010574677726253867
0.0003000000142492354,0.0012853569351136684
0.0036299999337643385,0.04094771295785904
0.38964998722076416,0.39420852065086365
0.3824999928474426,0.22355085611343384
0.0004199999966658652,0.0006400563870556653
0.00022000000171829015,0.004180010408163071
0.0004299999854993075,0.0010708929039537907
0.4362199902534485,0.27511560916900635
0.00039000000106170774,0.0027767494320869446
0.0004299999854993075,0.0008437860524281859
0.00046999999904073775,0.006022111512720585
0.010359999723732471,0.1188264712691307
0.00044999999227002263,0.0005656270659528673
0.8296800255775452,0.1217181459069252
0.04650000110268593,0.4150702655315399
0.00011999999696854502,0.0034978161565959454
0.0004299999854993075,0.0027885325253009796
0.0003499999875202775,0.0009721946553327143
0.011789999902248383,0.12156900763511658
5.999999848427251e-05,0.0011596179101616144
0.005630000028759241,0.002886396599933505
0.01155999954789877,0.01981552317738533
0.0005000000237487257,0.002320283092558384
0.00016999999934341758,0.0037365274038165808
0.9436500072479248,0.9463487863540649
0.06274999678134918,0.0479675754904747
0.0004299999854993075,0.0011679171584546566
0.0009699999936856329,0.003922055941075087
0.0003000000142492354,0.0011127308243885636
0.0008999999845400453,0.6537578105926514
0.9399200081825256,0.9434859156608582
0.008849999867379665,0.0044516450725495815
0.016860000789165497,0.010353054851293564
0.0022799998987466097,0.05528993904590607
0.0010999999940395355,0.02057814970612526
0.304390013217926,0.30881890654563904
0.0005200000014156103,0.22963660955429077
0.0016299999551847577,0.5309388637542725
0.00039000000106170774,0.0023374734446406364
0.000910000002477318,0.005979176145046949
0.0002899999963119626,0.002878860104829073
0.00023999999393709004,0.0038849064148962498
0.0008299999753944576,0.016411220654845238
0.00023999999393709004,0.003794371150434017
0.00018000000272877514,0.0025662172120064497
0.0004299999854993075,0.0008547201287001371
0.003530000103637576,0.0031561660580337048
0.001129999989643693,0.0036956944968551397
0.0009599999757483602,0.0241259653121233
0.8607400059700012,0.8710861206054688
0.9386000037193298,0.9428889751434326
0.0005799999926239252,0.0037079593166708946
0.0009399999980814755,0.003670231206342578
0.12794999778270721,0.4357335567474365
0.0012700000079348683,0.0018648036057129502
0.94964998960495,0.5896275639533997
0.0004299999854993075,0.003419863758608699
0.0006500000017695129,0.012038609944283962
0.4248400032520294,0.4357335567474365
0.0004299999854993075,0.002532143145799637
0.0006500000017695129,0.002463261131197214
0.0002800000074785203,0.0008476840448565781
0.00044999999227002263,0.001275305519811809
0.0021699999924749136,0.007996879518032074
0.0004600000102072954,0.001438137493096292
0.00046999999904073775,0.003191266441717744
0.00019999999494757503,0.007223582826554775
0.00018000000272877514,0.0022813091054558754
0.09303999692201614,0.09154224395751953
0.0024399999529123306,0.0035050217993557453
0.00044999999227002263,0.0001371254911646247
0.008899999782443047,0.0027184307109564543
0.0004299999854993075,0.003039497882127762
0.30066999793052673,0.2749404013156891
0.0007399999885819852,0.0038206197787076235
0.9331799745559692,0.937428891658783
0.3208000063896179,0.5309388637542725
0.0257399994879961,0.002497672103345394
0.34551000595092773,0.33581703901290894
0.003109999932348728,0.005943900439888239
0.8718600273132324,0.8289944529533386
0.928629994392395,0.9308496713638306
0.0002800000074785203,0.016310378909111023
0.001930000027641654,0.005640686023980379
0.0004299999854993075,0.0018769304733723402
0.009519999846816063,0.008713381364941597
0.0005200000014156103,0.00027314890758134425
0.08833000063896179,0.205786794424057
0.0003000000142492354,0.0028434209525585175
0.008849999867379665,0.008625123649835587
0.10796999931335449,0.09050048887729645
0.04228999838232994,0.020973555743694305
0.8537600040435791,0.04871305078268051
0.00014000000373926014,0.0004266818577889353
0.3610999882221222,0.12036103755235672
0.7954099774360657,0.40905025601387024
0.8232899904251099,0.03220647946000099
0.0002500000118743628,0.11778366565704346
0.0006300000241026282,0.0017843276727944613
0.0005000000237487257,0.0007116259657777846
0.011789999902248383,0.04777543619275093
0.00039000000106170774,0.004273323807865381
0.0004299999854993075,0.002160476054996252
0.002050000010058284,0.0029840741772204638
0.0004299999854993075,0.0009701128001324832
0.010209999978542328,0.007784177083522081
0.0005499999970197678,0.004574300721287727
0.0004299999854993075,0.002573080826550722
0.0003499999875202775,0.0023737349547445774
0.0003600000054575503,0.0017069489695131779
0.000910000002477318,0.0015704220859333873
0.003909999970346689,0.10180583596229553
0.0004199999966658652,0.0287641491740942
0.003909999970346689,0.004459227900952101
0.928629994392395,0.9308496713638306
0.0019099999917671084,0.019852614030241966
0.22916999459266663,0.23375318944454193
0.0005600000149570405,0.0032173404470086098
0.0003699999942909926,0.007612098939716816
0.0005000000237487257,0.0018623343203216791
0.14566999673843384,0.1379351168870926
0.0003000000142492354,0.00018381628615316004
0.08833000063896179,0.06420440971851349
0.011780000291764736,0.010445080697536469
0.585070013999939,0.5068985223770142
0.0002300000051036477,0.0051764207892119884
0.0004199999966658652,0.0012780590914189816
0.9436600208282471,0.9461870789527893
0.9747999906539917,0.968001127243042
0.0004299999854993075,0.002024582587182522
0.000699999975040555,0.0031683396082371473
0.000750000006519258,0.5386924743652344
0.00044999999227002263,0.0013767691561952233
0.013389999978244305,0.010643614456057549
0.025690000504255295,0.02045760490000248
0.0003800000122282654,0.002380766673013568
0.000910000002477318,0.0023761121556162834
0.0003800000122282654,0.001649312674999237
0.010359999723732471,0.1350432187318802
0.0018400000408291817,0.000890868715941906
0.0014600000577047467,0.00691960146650672
0.0004299999854993075,0.002607409143820405
0.045510001480579376,0.04331187903881073
0.027219999581575394,0.024916300550103188
0.0002500000118743628,0.015330802649259567
0.041749998927116394,0.03992491215467453
0.0003000000142492354,0.0009595937444828451
0.000750000006519258,0.023287607356905937
0.8487799763679504,0.8711150288581848
0.017009999603033066,0.012045717798173428
0.9441800117492676,0.7080104351043701
0.00044999999227002263,0.004397381562739611
0.00039000000106170774,0.0014065586728975177
0.00044999999227002263,0.002856915583834052
0.0007699999841861427,0.007568973116576672
0.008899999782443047,0.006484511308372021
0.0008900000248104334,0.0005240355967544019
0.0013699999544769526,0.0027667838148772717
0.04698000103235245,0.04770533740520477
0.0004299999854993075,0.003424687311053276
0.00022000000171829015,0.004042135551571846
0.02507999911904335,0.27233102917671204
0.002899999963119626,0.007996879518032074
0.0002500000118743628,0.04212446138262749
0.00571999978274107,0.007645436562597752
0.00011000000085914508,0.003270949935540557
0.9149500131607056,0.06479398906230927
0.003379999892786145,0.005742677953094244
0.0007399999885819852,0.0029522774275392294
0.015589999966323376,0.013902182690799236
0.000539999979082495,0.0028985992539674044
0.24079999327659607,0.004539170768111944
0.019099999219179153,0.019948434084653854
0.002259999979287386,0.026328451931476593
0.2327599972486496,0.25601980090141296
0.0005099999834783375,0.01589062809944153
0.06701000034809113,0.01116019394248724
0.0041600000113248825,0.2555008828639984
0.0010600000387057662,0.0015976394060999155
0.9437400102615356,0.8001569509506226
0.00011999999696854502,0.009687826968729496
0.020479999482631683,0.0008361851796507835
0.002460000105202198,0.0031561660580337048
0.01370999962091446,0.0016877338057383895
0.0005300000193528831,0.024204835295677185
0.9321699738502502,0.6227115988731384
0.9442700147628784,0.02969350479543209
0.0011500000255182385,0.002433503046631813
0.002360000042244792,0.0029475621413439512
0.00953999999910593,0.0032756889704614878
0.9441800117492676,0.944839358329773
0.0022799998987466097,0.08009956032037735
0.022040000185370445,0.019948434084653854
0.0004299999854993075,0.01076067890971899
0.0004299999854993075,0.002452479675412178
0.5847100019454956,0.6386202573776245
0.00018000000272877514,0.0020516160875558853
0.0014400000218302011,0.0016682841815054417
0.00018000000272877514,0.0022888430394232273
0.00044999999227002263,0.002733725355938077
0.0004299999854993075,0.0015198092442005873
0.0015399999683722854,0.00438343733549118
0.0004299999854993075,0.0016320819268003106
0.008849999867379665,0.03286280855536461
0.025590000674128532,0.1617688685655594
0.0005300000193528831,0.0011992010986432433
0.0002899999963119626,0.005255622323602438
0.0004299999854993075,0.0020916135981678963
0.00014000000373926014,0.005923707969486713
0.0027600000612437725,0.015436454676091671
0.09487999975681305,0.08376371115446091
0.01107999961823225,0.2731419801712036
0.0005699999746866524,0.04510935768485069
0.0004600000102072954,0.09768011420965195
0.0007399999885819852,0.4357335567474365
0.5723099708557129,0.40905025601387024
0.00015999999595806003,0.0019505565287545323
0.005539999809116125,0.11278215050697327
0.6215299963951111,0.5938209295272827
0.00018000000272877514,0.0044913021847605705
0.0016199999954551458,0.0009583151550032198
0.03759000077843666,0.10059948265552521
0.0003000000142492354,0.005039899609982967
0.0006399999838322401,0.0029522774275392294
0.07840000092983246,0.024359529837965965
0.0009200000204145908,0.005095694679766893
0.0006000000284984708,0.05045492202043533
0.0003100000030826777,0.24891746044158936
0.0022799998987466097,0.08009956032037735
0.00033999999868683517,0.002444377401843667
0.002319999970495701,0.002968577202409506
0.5723000168800354,0.5068985223770142
0.9436399936676025,0.25314465165138245
0.0004199999966658652,0.013783309608697891
0.9411500096321106,0.6930884718894958
0.002950000111013651,0.5121829509735107
0.008849999867379665,0.04937487468123436
0.0004299999854993075,0.002554847626015544
0.0002500000118743628,0.0015120935859158635
0.0004299999854993075,0.002173971850425005
0.03562000021338463,0.08022189140319824
0.0003499999875202775,0.007603353820741177
0.000590000010561198,0.03399515897035599
0.037790000438690186,0.03367946669459343
0.007930000312626362,0.00453663757070899
0.002570000011473894,0.00391971692442894
0.015469999983906746,0.016100546345114708
0.008849999867379665,0.0075989686883986
0.6723899841308594,0.663370668888092
0.0004299999854993075,0.00037852636887691915
0.0004299999854993075,0.007438927423208952
0.008849999867379665,0.013204915449023247
0.0025100000202655792,0.0014637036947533488
0.0004299999854993075,0.001451345277018845
0.4979200065135956,0.3635652959346771
0.0005600000149570405,0.0005555080133490264
0.4362199902534485,0.27511560916900635
0.008849999867379665,0.034209925681352615
0.0002800000074785203,0.0037035015411674976
0.008849999867379665,0.00037333322688937187
0.00018000000272877514,0.001071872771717608
0.005619999952614307,0.004574760794639587
0.0034099998883903027,0.0033386978320777416
0.011909999884665012,0.16984835267066956
0.410180002450943,0.4569404721260071
0.0009699999936856329,0.008584341034293175
0.0006300000241026282,0.008516306057572365
0.014630000106990337,0.011644106358289719
0.001500000013038516,0.07897178828716278
0.00018000000272877514,0.0018054258543998003
0.006990000139921904,0.13169068098068237
0.0004299999854993075,0.0019520201021805406
0.0004199999966658652,0.0014789453707635403
0.000590000010561198,0.026483649387955666
0.007379999849945307,0.026328464969992638
0.006039999891072512,0.0029103332199156284
0.0004199999966658652,0.0011734499130398035
0.0004400000034365803,0.0018566427752375603
0.20487000048160553,0.20939567685127258
0.008849999867379665,0.017635464668273926
0.041749998927116394,0.03992491215467453
0.5475299954414368,0.5487244129180908
0.0028099999763071537,0.004432580433785915
0.0004299999854993075,0.0031296841334551573
0.0004400000034365803,0.04381444305181503
0.03759000077843666,0.10059948265552521
0.00018000000272877514,0.0031735349912196398
0.0005499999970197678,0.0025132009759545326
0.00023999999393709004,0.007762794848531485
0.013179999776184559,0.007491475902497768
0.9539499878883362,0.953971803188324
0.0009299999801442027,0.0005562174483202398
0.0001900000061141327,0.001846681465394795
0.10239999741315842,0.11454655230045319
0.005470000207424164,0.0123593145981431
0.0008099999977275729,0.21085385978221893
0.06304000318050385,0.05895921587944031
0.0014799999771639705,0.008571092039346695
0.04332000017166138,0.06174224615097046
0.0005600000149570405,0.030330918729305267
0.0004299999854993075,0.00329308258369565
0.0007699999841861427,0.001610887935385108
0.0004299999854993075,0.0005146823241375387
0.00039000000106170774,0.0013349971268326044
0.002739999908953905,0.00923263281583786
0.0022799998987466097,0.18843895196914673
0.5271599888801575,0.5275129675865173
0.05130999907851219,0.14034689962863922
0.00044999999227002263,0.0022914644796401262
0.001120000029914081,0.003020538715645671
0.6237099766731262,0.27511560916900635
0.012160000391304493,0.007136944681406021
0.680180013179779,0.670242428779602
0.008390000090003014,0.006327791605144739
0.00018000000272877514,0.002243364229798317
0.00018000000272877514,0.0031752430368214846
0.0876300036907196,0.054731182754039764
0.0003000000142492354,0.0009351972839795053
0.0004299999854993075,0.002289310097694397
0.0007600000244565308,0.0009655429166741669
0.0002800000074785203,0.0010153140174224973
0.0004299999854993075,0.049627915024757385
0.004149999935179949,0.003500967286527157
0.002319999970495701,0.002027647802606225
0.9260200262069702,0.9236980080604553
0.0004299999854993075,0.0009915762348100543
0.0002099999983329326,0.0009179507615044713
0.11648999899625778,0.21926245093345642
0.00026000000070780516,0.001544402097351849
0.0005300000193528831,0.0031203925609588623
0.008849999867379665,0.0009698083158582449
0.9415000081062317,0.9445429444313049
0.008849999867379665,0.0013747290940955281
0.01735999993979931,0.011098437942564487
0.049059998244047165,0.042851414531469345
0.0376800000667572,0.027400324121117592
0.024460000917315483,0.007791678886860609
0.0010900000343099236,0.0057045952416956425
0.0003499999875202775,0.03484584391117096
0.5241000056266785,0.0370672382414341
0.026340000331401825,0.012123173102736473
0.00039000000106170774,0.01745680905878544
0.036240000277757645,0.11278221011161804
0.42201000452041626,0.1188264712691307
0.1507599949836731,0.21926245093345642
0.003860000055283308,0.11278215050697327
0.008849999867379665,0.0279990267008543
0.0003100000030826777,0.001460348954424262
0.0016499999910593033,0.020913513377308846
0.0004299999854993075,0.0036394172348082066
0.0019099999917671084,0.0045805275440216064
0.9299799799919128,0.9378807544708252
0.6938199996948242,0.004729857202619314
0.00343999988399446,0.003550740424543619
0.0004299999854993075,0.0027991055976599455
0.0004299999854993075,0.0012844641460105777
0.0007399999885819852,0.0029522774275392294
0.0003800000122282654,0.009692155756056309
0.002570000011473894,0.0036654614377766848
0.925570011138916,0.5309388637542725
0.00023999999393709004,0.0020470707677304745
0.005100000184029341,0.00505039282143116
0.0004299999854993075,0.0005772358272224665
0.0003800000122282654,0.029962362721562386
0.9692400097846985,0.9643551111221313
0.9447399973869324,0.944464385509491
0.0031900000758469105,0.003916270565241575
0.5725299715995789,0.627425491809845
0.9226599931716919,0.9240345358848572
0.7889099717140198,0.02032703347504139
0.304390013217926,0.23808994889259338
0.13705000281333923,0.3925173580646515
0.00016999999934341758,0.12668131291866302
0.011470000259578228,0.015702875331044197
0.0013500000350177288,0.004019193816930056
0.00026000000070780516,0.014187130145728588
0.009499999694526196,0.013600523583590984
0.0013899999903514981,0.009422539733350277
0.8540700078010559,0.8582843542098999
0.9446099996566772,0.179270401597023
0.0004799999878741801,0.0029563140124082565
0.00014000000373926014,0.0033674812875688076
0.1632699966430664,0.06532202661037445
0.00018000000272877514,0.0044913021847605705
0.9448500275611877,0.010829374194145203
0.026340000331401825,0.012123184278607368
0.008849999867379665,0.012049560435116291
0.9088600277900696,0.9135100245475769
0.0005499999970197678,0.0156120415776968
0.15324999392032623,0.26102811098098755
0.0015399999683722854,0.0062956479378044605
0.7550600171089172,0.5763755440711975
7.999999797903001e-05,0.004667647648602724
0.0007699999841861427,0.0006814064690843225
0.19463999569416046,0.2749403417110443
0.003120000008493662,0.2751156687736511
0.00044999999227002263,0.004941834136843681
0.0004299999854993075,0.005693431012332439
0.00044999999227002263,0.0015685958787798882
0.7304499745368958,0.3075440227985382
0.0019499999471008778,0.004589637741446495
0.0004299999854993075,0.0008437828510068357
