actual,predicted,absolute_difference,predicted_category,actual_category,category_match,score_comparison
0.0226199999451637,0.0030685940291732,0.0195514059159905,low,low,yes,same
0.0002600000007078,0.0001317952992394,0.0001282047014684,low,low,yes,same
0.830269992351532,0.0110583277419209,0.819211664609611,low,high,no,higher
0.001700000022538,0.0167851448059082,0.0150851447833702,low,low,yes,same
0.0004299999854993,0.0001798409793991,0.0002501590061002,low,low,yes,same
0.0004299999854993,0.0003615012974478,6.849868805149995e-05,low,low,yes,same
0.3505499958992004,0.9540470838546752,0.6034970879554749,high,medium,no,lower
0.001979999942705,0.0360591039061546,0.0340791039634496,low,low,yes,same
0.0004299999854993,0.0078897038474679,0.0074597038619686,low,low,yes,same
0.0004299999854993,0.0012254419270902,0.0007954419415909001,low,low,yes,same
0.0088499998673796,0.0398917309939861,0.031041731126606503,low,low,yes,same
0.1370500028133392,0.1676645576953888,0.03061455488204959,medium,medium,yes,same
0.0432499982416629,0.0448858737945556,0.0016358755528926988,low,low,yes,same
0.0113599998876452,0.0257089715451002,0.014348971657455002,low,low,yes,same
0.0036299999337643,0.0076317768543958,0.0040017769206315,low,low,yes,same
0.013600000180304,0.0102330828085541,0.0033669173717499005,low,low,yes,same
0.0004299999854993,0.0062133260071277,0.0057833260216284006,low,low,yes,same
0.000609999988228,0.0021741373930126,0.0015641374047845999,low,low,yes,same
0.0001500000071246,0.0312548801302909,0.0311048801231663,low,low,yes,same
0.1973699927330017,0.2846095561981201,0.08723956346511841,medium,medium,yes,same
0.0053599998354911,0.0064176013693213,0.0010576015338302006,low,low,yes,same
0.0004299999854993,0.000820234126877,0.0003902341413777,low,low,yes,same
0.0036899999249726,0.0147709660232067,0.0110809660982341,low,low,yes,same
0.0035300001036375,0.0033385171554982,0.00019148294813930034,low,low,yes,same
0.1532499939203262,0.0946298539638519,0.058620139956474304,low,medium,no,higher
0.0002099999983329,0.0053166695870459,0.0051066695887130005,low,low,yes,same
0.0018799999961629,0.0154674313962459,0.013587431400082998,low,low,yes,same
0.001300000003539,0.0062330458313226,0.0049330458277836,low,low,yes,same
0.3454099893569946,0.3137310445308685,0.0316789448261261,medium,medium,yes,same
0.0004299999854993,0.3992881178855896,0.3988581179000903,medium,low,no,lower
0.0002099999983329,0.0074683702550828,0.0072583702567499,low,low,yes,same
0.1720499992370605,0.632770299911499,0.46072030067443853,medium,medium,yes,same
0.0003100000030826,0.0006497892318293,0.00033978922874670003,low,low,yes,same
0.0263100005686283,0.103824496269226,0.07751449570059771,medium,low,no,lower
0.0001800000027287,0.002903030719608,0.0027230307168793,low,low,yes,same
0.0004299999854993,0.3118125796318054,0.3113825796463061,medium,low,no,lower
0.0014799999771639,0.0006807268946431,0.0007992730825208,low,low,yes,same
0.0002300000051036,0.0053165759891271,0.0050865759840235,low,low,yes,same
9.000000136438757e-05,0.0023768173996359,0.0022868173982715126,low,low,yes,same
0.0001999999949475,0.0030799738597124,0.0028799738647649,low,low,yes,same
0.001189999980852,0.0137420557439327,0.012552055763080699,low,low,yes,same
0.0004299999854993,0.0062280385755002,0.005798038590000901,low,low,yes,same
0.0004299999854993,0.004164814017713,0.0037348140322136995,low,low,yes,same
0.0003000000142492,0.0050251726061105,0.0047251725918613,low,low,yes,same
0.0004299999854993,0.0001080095826182,0.0003219904028811,low,low,yes,same
0.0007500000065192,0.086048349738121,0.0852983497316018,low,low,yes,same
0.0004299999854993,0.0036425741855055,0.0032125742000061997,low,low,yes,same
0.0054100002162158,0.0103619592264294,0.0049519590102136,low,low,yes,same
0.0001699999993434,0.0237042661756277,0.0235342661762843,low,low,yes,same
0.0002800000074785,0.0005243786145001,0.00024437860702160004,low,low,yes,same
0.002820000052452,0.0028530564159154,3.305636346340006e-05,low,low,yes,same
0.048089999705553,0.0207738596946001,0.0273161400109529,low,low,yes,same
0.0377900004386901,0.0325438268482685,0.0052461735904216,low,low,yes,same
0.9094899892807008,0.9054094552993774,0.004080533981323353,high,high,yes,same
0.0009500000160187,0.0489753559231758,0.0480253559071571,low,low,yes,same
0.0161799993366003,0.051714289933443,0.035534290596842696,low,low,yes,same
0.0006999999750405,0.0025991213042289,0.0018991213291884002,low,low,yes,same
7.999999797903001e-05,0.0078868074342608,0.00780680743628177,low,low,yes,same
0.0004299999854993,0.0001473725860705,0.00028262739942879996,low,low,yes,same
0.0004299999854993,0.0017419842770323,0.001311984291533,low,low,yes,same
0.0004299999854993,0.0056206975132226,0.0051906975277233,low,low,yes,same
0.1832800060510635,0.1797995418310165,0.003480464220046997,medium,medium,yes,same
0.9345300197601318,0.026763854548335,0.9077661652117969,low,high,no,higher
0.00044999999227,0.0001822365738917,0.0002677634183783,low,low,yes,same
0.0019700000993907,0.0466214008629322,0.0446514007635415,low,low,yes,same
0.0778300017118454,0.014124047011137,0.0637059547007084,low,low,yes,same
0.2052199989557266,0.2150304764509201,0.00981047749519351,medium,medium,yes,same
0.0005300000193528,0.0012616760795935,0.0007316760602406999,low,low,yes,same
0.0055399998091161,0.0053978273645043,0.00014217244461179994,low,low,yes,same
0.0003499999875202,0.0069423816166818,0.0065923816291616,low,low,yes,same
0.1615500003099441,0.0087953442707657,0.1527546560391784,low,medium,no,higher
0.3338100016117096,0.3234125077724457,0.010397493839263916,medium,medium,yes,same
0.0005000000237487,0.0086803911253809,0.0081803911016322,low,low,yes,same
0.0100499996915459,0.0185458306223154,0.008495830930769499,low,low,yes,same
0.0007699999841861,0.0007956245099194,2.5624525733300017e-05,low,low,yes,same
0.0004600000102072,0.0005705275107175,0.0001105275005103,low,low,yes,same
0.0008200000156648,0.024389125406742,0.023569125391077198,low,low,yes,same
0.0052399998530745,0.0131364939734339,0.0078964941203594,low,low,yes,same
0.0094999996945261,0.0071527445688843,0.0023472551256418003,low,low,yes,same
0.0003999999898951,6.381672574207187e-05,0.0003361832641530281,low,low,yes,same
0.0003999999898951,0.0350439734756946,0.0346439734857995,low,low,yes,same
0.0004299999854993,0.0037813689559698,0.0033513689704705,low,low,yes,same
0.0009100000024773,0.0001682919537415,0.0007417080487358001,low,low,yes,same
0.0040699997916817,0.0024278287310153,0.0016421710606663999,low,low,yes,same
0.0013899999903514,0.0004800507740583,0.0009099492162930999,low,low,yes,same
0.0002300000051036,0.0009536757133901,0.0007236757082865,low,low,yes,same
0.0012600000482052,0.0839762538671493,0.0827162538189441,low,low,yes,same
0.0011399999493733,0.0021081573795527,0.0009681574301793998,low,low,yes,same
0.9439799785614014,0.532371997833252,0.4116079807281494,medium,high,no,higher
0.002820000052452,0.0028301507700234,1.0150717571400306e-05,low,low,yes,same
0.9373000264167786,0.94698166847229,0.009681642055511475,high,high,yes,same
0.0003300000098533,0.0006828255136497,0.0003528255037964,low,low,yes,same
0.0001900000061141,0.0004324753826949,0.00024247537658080002,low,low,yes,same
0.0294100008904933,0.019899783656001,0.009510217234492298,low,low,yes,same
0.9333400130271912,0.9186635613441468,0.014676451683044323,high,high,yes,same
0.0045300000347197,0.0149084292352199,0.0103784292005002,low,low,yes,same
0.0088499998673796,0.076632484793663,0.0677824849262834,low,low,yes,same
0.0007699999841861,0.0011244065826758,0.0003544065984897001,low,low,yes,same
0.0005300000193528,0.0078692464157938,0.0073392463964410005,low,low,yes,same
0.0561800003051757,0.0386768653988838,0.0175031349062919,low,low,yes,same
0.0362400002777576,0.0199790876358747,0.016260912641882903,low,low,yes,same
0.0046500000171363,0.0036155735142529,0.0010344265028833996,low,low,yes,same
0.0001699999993434,0.0101201841607689,0.0099501841614255,low,low,yes,same
0.0088499998673796,0.0053177787922322,0.003532221075147399,low,low,yes,same
0.0055399998091161,0.1517299562692642,0.1461899564601481,medium,low,no,lower
0.0088499998673796,0.0080095417797565,0.0008404580876231003,low,low,yes,same
0.0019600000232458,0.0021225186064839,0.0001625185832380997,low,low,yes,same
0.0004299999854993,0.1654968559741974,0.16506685598869808,medium,low,no,lower
0.0005000000237487,0.0023908242583274,0.0018908242345787,low,low,yes,same
0.001300000003539,0.0005645652418024,0.0007354347617366,low,low,yes,same
0.9444100260734558,0.9461337327957152,0.0017237067222594105,high,high,yes,same
0.0020800000056624,0.0056247152388095,0.0035447152331470996,low,low,yes,same
0.0087799998000264,0.0004822963383048,0.0082977034617216,low,low,yes,same
0.0294100008904933,0.016908785328269,0.012501215562224298,low,low,yes,same
0.0005200000014156,0.0060527697205543,0.0055327697191387,low,low,yes,same
0.0035099999513477,0.0027221825439482,0.0007878174073995001,low,low,yes,same
5.999999848427251e-05,0.0031391899101436,0.0030791899116593274,low,low,yes,same
0.9659900069236756,0.963359534740448,0.00263047218322765,high,high,yes,same
0.0002500000118743,0.0101415924727916,0.0098915924609173,low,low,yes,same
0.0003699999942909,0.0060548409819602,0.0056848409876693005,low,low,yes,same
0.6215299963951111,0.610176682472229,0.01135331392288208,medium,medium,yes,same
0.0004299999854993,0.0022154366597533,0.0017854366742540001,low,low,yes,same
0.0101800002157688,0.0016934187151491,0.0084865815006197,low,low,yes,same
0.9444400072097778,0.739907443523407,0.20453256368637085,high,high,yes,same
0.0113199995830655,0.0066432296298444,0.004676769953221099,low,low,yes,same
0.0025299999397248,0.0063343401998281,0.0038043402601033002,low,low,yes,same
0.9388399720191956,0.9359194040298462,0.0029205679893493652,high,high,yes,same
0.0004299999854993,0.0026643923483788,0.0022343923628795,low,low,yes,same
0.9738500118255616,0.9760525226593018,0.0022025108337401234,high,high,yes,same
0.973450005054474,0.806097686290741,0.16735231876373302,high,high,yes,same
0.0005099999834783,0.0016020027687773,0.001092002785299,low,low,yes,same
0.0003600000054575,0.0751482620835304,0.0747882620780729,low,low,yes,same
0.6486799716949463,0.4993078708648681,0.14937210083007818,medium,medium,yes,same
0.969980001449585,0.9605594277381896,0.009420573711395375,high,high,yes,same
0.7681499719619751,0.789191484451294,0.021041512489318848,high,high,yes,same
0.0004299999854993,0.0002232455735793,0.00020675441191999997,low,low,yes,same
0.0471699982881546,0.0992508381605148,0.0520808398723602,low,low,yes,same
0.0004199999966658,0.0012560185277834,0.0008360185311175999,low,low,yes,same
0.0088499998673796,0.001969245262444,0.006880754604935599,low,low,yes,same
0.0011099999537691,0.0008256645523943,0.00028433540137479986,low,low,yes,same
0.0003499999875202,0.0020467648282647,0.0016967648407445,low,low,yes,same
0.4620899856090545,0.4603154361248016,0.0017745494842529297,medium,medium,yes,same
0.0005000000237487,0.0002167214843211,0.00028327853942759995,low,low,yes,same
0.0004299999854993,0.0053037432953715,0.004873743309872201,low,low,yes,same
0.0004299999854993,0.0066270031966269,0.0061970032111276,low,low,yes,same
0.0225200001150369,0.1331133246421814,0.1105933245271445,medium,low,no,lower
0.0003900000010617,0.1189074516296386,0.11851745162857691,medium,low,no,lower
0.0004299999854993,0.0012263801181688,0.0007963801326695001,low,low,yes,same
0.9627699851989746,0.9146605730056764,0.04810941219329823,high,high,yes,same
0.1307400017976761,0.464978277683258,0.3342382758855819,medium,medium,yes,same
0.0004299999854993,0.0057588401250541,0.0053288401395548005,low,low,yes,same
0.0009699999936856,0.0065504545345902,0.0055804545409046,low,low,yes,same
0.001689999946393,0.0056455261074006,0.0039555261610076005,low,low,yes,same
0.8726800084114075,0.6974627375602722,0.17521727085113525,medium,high,no,higher
0.925059974193573,0.9229520559310912,0.0021079182624818005,high,high,yes,same
0.000239999993937,0.0003266935818828,8.66935879458e-05,low,low,yes,same
0.0003300000098533,0.0016414843266829,0.0013114843168296,low,low,yes,same
0.8811299800872803,0.8890203833580017,0.007890403270721436,high,high,yes,same
0.0001800000027287,0.0008266966324299,0.0006466966297012,low,low,yes,same
0.0008200000156648,0.0051962630823254,0.004376263066660601,low,low,yes,same
0.0001199999969685,0.0015062066959217,0.0013862066989532,low,low,yes,same
0.0014600000577047,0.0724845230579376,0.07102452300023289,low,low,yes,same
0.6755399703979492,0.6400893926620483,0.03545057773590088,medium,medium,yes,same
0.0004299999854993,0.001608179998584,0.0011781800130847,low,low,yes,same
0.0005000000237487,0.0002890475734602,0.00021095245028849994,low,low,yes,same
0.0002800000074785,0.0058772508054971,0.0055972507980186,low,low,yes,same
0.0004100000078324,0.0006198797491379,0.0002098797413055,low,low,yes,same
0.0009100000024773,0.0006273153703659,0.00028268463211140007,low,low,yes,same
0.0005300000193528,0.0040654106996953,0.0035354106803425003,low,low,yes,same
0.00044999999227,0.0684501752257347,0.0680001752334647,low,low,yes,same
0.0002800000074785,0.0030445624142885,0.00276456240681,low,low,yes,same
0.0028299998957663,0.0087598804384469,0.0059298805426806,low,low,yes,same
0.944230020046234,0.8455976843833923,0.09863233566284169,high,high,yes,same
0.0009800000116229,0.0283087622374296,0.027328762225806703,low,low,yes,same
0.0004299999854993,0.0008421699167229,0.0004121699312236,low,low,yes,same
0.0060499999672174,0.0038835871964693,0.0021664127707481003,low,low,yes,same
0.0001300000003539,0.002839389257133,0.0027093892567791,low,low,yes,same
0.0127299996092915,0.0083095477893948,0.0044204518198967,low,low,yes,same
0.0011800000211223,0.0003510968817863,0.000828903139336,low,low,yes,same
0.0005099999834783,0.0026408927515149,0.0021308927680366,low,low,yes,same
0.0078900000080466,0.0214128978550434,0.013522897846996802,low,low,yes,same
0.002600000007078,0.0152983935549855,0.012698393547907501,low,low,yes,same
0.0088499998673796,0.0077488720417022,0.0011011278256773992,low,low,yes,same
0.00044999999227,0.0040068719536066,0.0035568719613366002,low,low,yes,same
0.0004299999854993,0.0018595542060211,0.0014295542205218,low,low,yes,same
0.6849499940872192,0.2746902108192444,0.41025978326797485,medium,medium,yes,same
0.0051199998706579,0.0154673578217625,0.0103473579511046,low,low,yes,same
0.0012100000167265,0.0152058703824877,0.0139958703657612,low,low,yes,same
0.0110799996182322,0.0137389283627271,0.0026589287444948994,low,low,yes,same
0.0009800000116229,0.0059105725958943,0.0049305725842714,low,low,yes,same
0.0029500001110136,0.0044565657153725,0.0015065656043588998,low,low,yes,same
0.9377800226211548,0.91470605134964,0.02307397127151478,high,high,yes,same
0.001300000003539,0.0051895431242883,0.0038895431207493,low,low,yes,same
0.0040899999439716,0.0076375063508749,0.0035475064069033,low,low,yes,same
0.0004299999854993,0.0078636379912495,0.007433638005750201,low,low,yes,same
0.0205899998545646,0.004586118273437,0.016003881581127602,low,low,yes,same
0.0003100000030826,0.0002688737295102,4.1126273572399976e-05,low,low,yes,same
9.999999747378752e-05,0.002176045672968,0.0020760456754942125,low,low,yes,same
0.0005499999970197,0.0009749375167302,0.0004249375197105,low,low,yes,same
0.6071599721908569,0.5862690806388855,0.020890891551971436,medium,medium,yes,same
0.0004299999854993,0.4734793603420257,0.4730493603565264,medium,low,no,lower
0.0003300000098533,0.0016414843266829,0.0013114843168296,low,low,yes,same
0.0033100000582635,0.0016462283674627,0.0016637716908008,low,low,yes,same
0.0006699999794363,0.0008300715126097,0.00016007153317339998,low,low,yes,same
0.0004299999854993,0.0002102752769133,0.000219724708586,low,low,yes,same
0.0287500005215406,0.6580071449279785,0.6292571444064379,medium,low,no,lower
0.0038600000552833,0.0120879374444484,0.0082279373891651,low,low,yes,same
0.0007699999841861,0.0027257394976913,0.0019557395135052,low,low,yes,same
0.0005099999834783,0.0038802186027169,0.0033702186192386,low,low,yes,same
0.0194600000977516,0.0102629335597157,0.0091970665380359,low,low,yes,same
0.0002899999963119,0.0007680093403905,0.00047800934407860003,low,low,yes,same
0.0001999999949475,0.0755073353648185,0.075307335369871,low,low,yes,same
0.3949599862098694,0.1008645221590995,0.2940954640507699,medium,medium,yes,same
0.5604599714279175,0.003063197247684,0.5573967741802335,low,medium,no,higher
0.0006399999838322,0.0088025508448481,0.0081625508610159,low,low,yes,same
0.0005399999790824,0.0164788141846656,0.0159388142055832,low,low,yes,same
0.0004299999854993,0.0054736309684813,0.005043630982982,low,low,yes,same
0.0007099999929778,0.0048096613027155,0.0040996613097377,low,low,yes,same
0.0001800000027287,0.0093612261116504,0.009181226108921699,low,low,yes,same
0.0883300006389617,0.0271429158747196,0.061187084764242096,low,low,yes,same
0.3205099999904632,0.3151547312736511,0.005355268716812078,medium,medium,yes,same
0.0008399999933317,0.0003758290840778,0.0004641709092539,low,low,yes,same
0.0104000000283122,0.0091733671724796,0.0012266328558325993,low,low,yes,same
0.0003000000142492,0.0013259596889838,0.0010259596747346,low,low,yes,same
0.0004699999990407,0.1150679439306259,0.1145979439315852,medium,low,no,lower
0.0011099999537691,0.0009321935940533,0.00017780635971579987,low,low,yes,same
0.0033599999733269,7.470204582205042e-05,0.00328529792750485,low,low,yes,same
0.0004299999854993,0.0120332473888993,0.0116032474034,low,low,yes,same
0.4530700147151947,0.4699211716651916,0.016851156949996893,medium,medium,yes,same
0.9376199841499328,0.7814058065414429,0.15621417760848988,high,high,yes,same
0.0010499999625608,0.0042788218706846,0.0032288219081238003,low,low,yes,same
0.0004299999854993,0.0042362455278635,0.0038062455423641998,low,low,yes,same
0.9442099928855896,0.96806538105011,0.023855388164520375,high,high,yes,same
0.8924099802970886,0.3359901309013366,0.556419849395752,medium,high,no,higher
0.0010600000387057,0.1038961261510849,0.1028361261123792,medium,low,no,lower
0.0004299999854993,0.0005271105328574,9.711054735810006e-05,low,low,yes,same
0.0012000000569969,0.0030950824730098,0.0018950824160129,low,low,yes,same
0.0255900006741285,0.0099672153592109,0.0156227853149176,low,low,yes,same
0.0064599998295307,0.0006218484486453,0.0058381513808854,low,low,yes,same
0.0006500000017695,0.0595734752714633,0.0589234752696938,low,low,yes,same
0.0003100000030826,0.3726726472377777,0.3723626472346951,medium,low,no,lower
0.3892900049686432,0.3907020688056946,0.0014120638370513916,medium,medium,yes,same
0.0013699999544769,0.2595926523208618,0.2582226523663849,medium,low,no,lower
0.0117899999022483,0.00311064790003,0.0086793520022183,low,low,yes,same
0.0008699999889358,0.0036246082745492,0.0027546082856133997,low,low,yes,same
0.9426400065422058,0.9369454979896544,0.0056945085525513806,high,high,yes,same
0.0094999996945261,0.0108128832653164,0.0013128835707902995,low,low,yes,same
0.0061200000345706,0.0053637437522411,0.0007562562823295003,low,low,yes,same
0.9750800132751464,0.9606841802597046,0.014395833015441784,high,high,yes,same
0.000609999988228,0.0480034388601779,0.0473934388719499,low,low,yes,same
0.0004299999854993,0.0012979536550119,0.0008679536695126002,low,low,yes,same
0.0006500000017695,0.0039665577933192,0.0033165577915497003,low,low,yes,same
0.0004600000102072,0.0011388633865863,0.0006788633763791,low,low,yes,same
0.00044999999227,0.0027107810601592,0.0022607810678892,low,low,yes,same
0.2015299946069717,0.3251084089279175,0.12357841432094577,medium,medium,yes,same
0.9439499974250792,0.8433356285095215,0.10061436891555775,high,high,yes,same
0.0002600000007078,0.0069859395734965,0.0067259395727887,low,low,yes,same
0.0004299999854993,0.0013397836592048,0.0009097836737055,low,low,yes,same
0.0013500000350177,0.0123606771230697,0.011010677088052001,low,low,yes,same
0.9083300232887268,0.908797800540924,0.0004677772521971546,high,high,yes,same
0.0001500000071246,0.0072092763148248,0.007059276307700199,low,low,yes,same
0.0028099999763071,0.0044351210817694,0.0016251211054622997,low,low,yes,same
0.0016299999551847,0.0469426922500133,0.0453126922948286,low,low,yes,same
0.9217100143432616,0.7553229331970215,0.16638708114624012,high,high,yes,same
0.0117800002917647,0.0132536236196756,0.0014736233279109001,low,low,yes,same
0.0095399999991059,0.0053443177603185,0.0041956822387874005,low,low,yes,same
0.0001699999993434,0.000869000039529,0.0006990000401855999,low,low,yes,same
0.0020999999251216,0.0016869585961103,0.00041304132901130003,low,low,yes,same
0.0005499999970197,0.1305227726697921,0.12997277267277238,medium,low,no,lower
0.0004699999990407,0.0055272066965699,0.005057206697529199,low,low,yes,same
0.0022400000598281,0.0054195746779441,0.003179574618116,low,low,yes,same
0.0001699999993434,0.0005240853060968,0.0003540853067534,low,low,yes,same
0.0035300001036375,0.0035144428256899,1.5557277947600076e-05,low,low,yes,same
0.0263400003314018,0.0423547141253948,0.016014713793993,low,low,yes,same
0.0003000000142492,0.0035985198337584,0.0032985198195092003,low,low,yes,same
0.0012600000482052,0.005945399403572,0.0046853993553668,low,low,yes,same
0.00044999999227,0.0003871211083605,6.28788839095e-05,low,low,yes,same
0.0006399999838322,0.011179881170392,0.0105398811865598,low,low,yes,same
0.0812100023031234,0.1290185302495956,0.04780852794647218,medium,low,no,lower
0.0005499999970197,0.0001170912801171,0.00043290871690259997,low,low,yes,same
0.0418599992990493,0.0326895713806152,0.009170427918434101,low,low,yes,same
0.0242999996989965,0.0163332168012857,0.0079667828977108,low,low,yes,same
0.0004600000102072,0.0071983495727181,0.0067383495625109,low,low,yes,same
0.0004299999854993,0.0008812836022116,0.0004512836167123,low,low,yes,same
0.0242999996989965,0.0257678795605897,0.0014678798615932014,low,low,yes,same
0.0004400000034365,0.0020592343062162,0.0016192343027797,low,low,yes,same
3.9999998989515007e-05,0.0008965428569354,0.000856542857945885,low,low,yes,same
0.0003800000122282,0.0018839576514437,0.0015039576392155002,low,low,yes,same
0.0004799999878741,0.0037447977811098,0.0032647977932357,low,low,yes,same
0.0054600001312792,0.0044465870596468,0.0010134130716324,low,low,yes,same
0.6628000140190125,0.2043101787567138,0.45848983526229864,medium,medium,yes,same
0.0003000000142492,0.0004052644071634,0.00010526439291420002,low,low,yes,same
0.002820000052452,0.0055419616401195,0.0027219615876675,low,low,yes,same
0.0011599999852478,0.4755017459392547,0.4743417459540069,medium,low,no,lower
0.0111300004646182,0.0096271391957998,0.001502861268818401,low,low,yes,same
0.000159999995958,0.0044191880151629,0.0042591880192048995,low,low,yes,same
0.0030100001022219,0.0175594352185726,0.0145494351163507,low,low,yes,same
0.655019998550415,0.0859929770231247,0.5690270215272903,low,medium,no,higher
0.0004299999854993,0.0003830156638287,4.6984321670599956e-05,low,low,yes,same
0.9656800031661988,0.9663813710212708,0.0007013678550719105,high,high,yes,same
0.0002099999983329,0.0019177773501724,0.0017077773518395,low,low,yes,same
0.0001400000037392,0.0013023372739553,0.0011623372702161,low,low,yes,same
0.0002200000017182,0.0022741465363651,0.0020541465346469,low,low,yes,same
0.0006900000153109,0.0042928280308842,0.0036028280155733002,low,low,yes,same
0.0016599999507889,0.0002549660566728,0.0014050338941161,low,low,yes,same
0.0018899999558925,0.0034029197413474,0.0015129197854549,low,low,yes,same
0.0001800000027287,0.0463685467839241,0.046188546781195404,low,low,yes,same
0.0009100000024773,0.0024289351422339,0.0015189351397566,low,low,yes,same
0.0003000000142492,0.0006958502344787,0.00039585022022950005,low,low,yes,same
0.9117500185966492,0.7935734391212463,0.11817657947540283,high,high,yes,same
0.0004299999854993,0.5752280354499817,0.5747980354644824,medium,low,no,lower
0.5475299954414368,0.3232553601264953,0.22427463531494146,medium,medium,yes,same
0.3681800067424774,0.2758492231369018,0.09233078360557562,medium,medium,yes,same
0.0007500000065192,0.0069945692084729,0.0062445692019537005,low,low,yes,same
0.0005499999970197,0.0219115521758794,0.0213615521788597,low,low,yes,same
0.8849300146102905,0.8448911309242249,0.040038883686065674,high,high,yes,same
0.0377900004386901,0.0360224097967147,0.0017675906419754028,low,low,yes,same
0.0001900000061141,0.0260155610740184,0.025825561067904297,low,low,yes,same
0.9439399838447572,0.7089149951934814,0.23502498865127575,high,high,yes,same
0.0003999999898951,0.0004384198691695,3.841987927440002e-05,low,low,yes,same
0.0003800000122282,0.0015079114818945,0.0011279114696663,low,low,yes,same
0.0007500000065192,0.0469978488981723,0.0462478488916531,low,low,yes,same
0.0003000000142492,0.0046427980996668,0.0043427980854176,low,low,yes,same
0.9331799745559692,0.3462636470794678,0.5869163274765015,medium,high,no,higher
0.314980000257492,0.2014166116714477,0.11356338858604431,medium,medium,yes,same
0.0055999998003244,0.8037447929382324,0.798144793137908,high,low,no,lower
0.2291699945926666,0.3151677250862121,0.0859977304935455,medium,medium,yes,same
0.0272000003606081,0.0013298550620675,0.0258701452985406,low,low,yes,same
0.0362400002777576,0.0672977939248085,0.0310577936470509,low,low,yes,same
0.0178599990904331,0.0996739268302917,0.0818139277398586,low,low,yes,same
0.0115799997001886,0.0095469327643513,0.0020330669358373,low,low,yes,same
0.0002099999983329,0.0054231071844697,0.0052131071861368,low,low,yes,same
0.8190600275993347,0.8241958022117615,0.005135774612426758,high,high,yes,same
0.9445499777793884,0.9392136335372924,0.005336344242096058,high,high,yes,same
0.0088499998673796,0.011832189746201,0.0029821898788214007,low,low,yes,same
0.0004299999854993,0.0021322534885257,0.0017022535030264002,low,low,yes,same
0.0014400000218302,0.0244171079248189,0.022977107902988698,low,low,yes,same
0.0007699999841861,0.0026582023128867,0.0018882023287006002,low,low,yes,same
0.8854699730873108,0.8348809480667114,0.050589025020599365,high,high,yes,same
0.8872900009155273,0.6629993319511414,0.224290668964386,medium,high,no,higher
0.9588500261306764,0.9415923953056335,0.017257630825042836,high,high,yes,same
0.0004299999854993,0.0008359767962247,0.0004059768107254,low,low,yes,same
0.0178599990904331,0.0975383818149566,0.07967838272452349,low,low,yes,same
0.0003900000010617,0.0014757356839254,0.0010857356828637,low,low,yes,same
0.0003000000142492,0.0009176089661195,0.0006176089518703,low,low,yes,same
0.0002800000074785,0.0006007785559631,0.00032077854848460005,low,low,yes,same
0.0011299999896436,0.1240802630782127,0.1229502630885691,medium,low,no,lower
0.016499999910593,0.014821995049715,0.0016780048608780011,low,low,yes,same
0.0006799999973736,0.0062635214999318,0.0055835215025582,low,low,yes,same
0.7891299724578857,0.8460541367530823,0.05692416429519653,high,high,yes,same
0.0103599997237324,0.0101935509592294,0.00016644876450300043,low,low,yes,same
0.0005000000237487,0.0002826674899552,0.00021733253379349995,low,low,yes,same
0.0001800000027287,0.000815754989162,0.0006357549864333,low,low,yes,same
0.9433199763298036,0.947902262210846,0.0045822858810423694,high,high,yes,same
0.8322799801826477,0.2115076184272766,0.6207723617553711,medium,high,no,higher
0.0362400002777576,0.0372173637151718,0.000977363437414197,low,low,yes,same
0.002820000052452,0.0027108762878924,0.00010912376455959969,low,low,yes,same
0.9443600177764891,0.9450300931930542,0.0006700754165650524,high,high,yes,same
0.0103599997237324,0.0128358164802193,0.0024758167564868996,low,low,yes,same
0.0011500000255182,0.0008313685539178,0.0003186314716004,low,low,yes,same
0.0005300000193528,0.0006683092797175,0.00013830926036469994,low,low,yes,same
0.0024600001052021,0.0028304615989327,0.0003704614937306001,low,low,yes,same
0.0081399995833635,0.0289659406989812,0.020825941115617697,low,low,yes,same
0.0004299999854993,0.0015534510603174,0.0011234510748181,low,low,yes,same
0.0020999999251216,0.0044909017160534,0.0023909017909318,low,low,yes,same
0.0491800010204315,0.0459880456328392,0.003191955387592295,low,low,yes,same
0.0013899999903514,0.1269132792949676,0.1255232793046162,medium,low,no,lower
0.0007399999885819,0.0805396661162376,0.0797996661276557,low,low,yes,same
0.9436500072479248,0.9448904395103456,0.0012404322624207653,high,high,yes,same
0.0115599995478987,0.009583986364305,0.0019760131835936997,low,low,yes,same
0.9436600208282472,0.9766751527786256,0.03301513195037842,high,high,yes,same
0.0004299999854993,0.025270452722907,0.0248404527374077,low,low,yes,same
0.0009800000116229,0.0163238495588302,0.015343849547207298,low,low,yes,same
0.9439799785614014,0.9444422721862792,0.00046229362487781867,high,high,yes,same
0.0035300001036375,0.0043979156762361,0.0008679155725985995,low,low,yes,same
0.0003800000122282,0.0593995787203311,0.0590195787081029,low,low,yes,same
0.0219899993389844,0.0236155837774276,0.0016255844384432012,low,low,yes,same
0.0048799999058246,0.8037447929382324,0.7988647930324079,high,low,no,lower
0.0003999999898951,0.0148584693670272,0.0144584693771321,low,low,yes,same
0.0088499998673796,0.0116128576919436,0.002762857824564001,low,low,yes,same
0.3205099999904632,0.3156425952911377,0.004867404699325506,medium,medium,yes,same
0.0015899999998509,0.0152550460770726,0.0136650460772217,low,low,yes,same
0.0033400000538676,0.0538467019796371,0.0505067019257695,low,low,yes,same
0.0012700000079348,0.0010515187168493,0.00021848129108550008,low,low,yes,same
0.0001800000027287,0.0001836167648434,3.6167621147000027e-06,low,low,yes,same
0.0010499999625608,0.0001485076063545,0.0009014923562063,low,low,yes,same
0.0004299999854993,0.0103281429037451,0.0098981429182458,low,low,yes,same
0.0009800000116229,0.0016834217822179,0.000703421770595,low,low,yes,same
0.0005499999970197,0.0066461791284382,0.0060961791314184995,low,low,yes,same
0.0006900000153109,0.0054145883768796,0.0047245883615687,low,low,yes,same
0.0362400002777576,0.0133065963163971,0.022933403961360503,low,low,yes,same
0.1370500028133392,0.2629803717136383,0.1259303689002991,medium,medium,yes,same
0.0012000000569969,0.0213795714080333,0.0201795713510364,low,low,yes,same
0.0003900000010617,8.674240234540775e-05,0.00030325759871629223,low,low,yes,same
0.0025100000202655,0.0002422896795906,0.0022677103406749,low,low,yes,same
0.0009399999980814,0.0022416550200432,0.0013016550219618,low,low,yes,same
0.0333600006997585,0.0389471463859081,0.005587145686149597,low,low,yes,same
0.0006799999973736,0.0146791720762848,0.013999172078911201,low,low,yes,same
0.8752599954605103,0.7513496279716492,0.12391036748886108,high,high,yes,same
0.069020003080368,0.1377595365047454,0.0687395334243774,medium,low,no,lower
0.00044999999227,0.0013213179772719,0.0008713179850018998,low,low,yes,same
0.0001199999969685,0.0057148388586938,0.0055948388617253,low,low,yes,same
0.9441800117492676,0.9515478610992432,0.007367849349975586,high,high,yes,same
0.0819199979305267,0.6016786098480225,0.5197586119174957,medium,low,no,lower
0.0009299999801442,0.0064624273218214,0.0055324273416772,low,low,yes,same
0.0393199995160102,0.015848908573389,0.0234710909426212,low,low,yes,same
0.0005499999970197,0.0027039006818085,0.0021539006847887997,low,low,yes,same
0.026860000565648,0.0235384497791528,0.0033215507864951983,low,low,yes,same
0.0161199998110532,0.4743967652320862,0.45827676542103296,medium,low,no,lower
0.0003999999898951,0.0071245688013732,0.0067245688114781,low,low,yes,same
0.0024600001052021,0.000517985143233,0.0019420149619691,low,low,yes,same
0.0012700000079348,0.0006621067877858,0.000607893220149,low,low,yes,same
0.0007699999841861,0.0026032584719359,0.0018332584877498,low,low,yes,same
0.0005300000193528,0.0115923071280121,0.0110623071086593,low,low,yes,same
0.0004299999854993,0.0050806635990738,0.0046506636135745,low,low,yes,same
0.0007399999885819,0.0010091888252645,0.0002691888366826,low,low,yes,same
0.0004299999854993,0.0014535671798512,0.0010235671943519,low,low,yes,same
0.0004299999854993,0.0027895108796656,0.0023595108941663,low,low,yes,same
0.0024800000246614,0.0048558642156422,0.0023758641909808,low,low,yes,same
0.8983200192451477,0.256150335073471,0.6421696841716766,medium,high,no,higher
0.0131900003179907,0.0156585332006216,0.0024685328826309014,low,low,yes,same
0.0009299999801442,0.011135478504002,0.010205478523857801,low,low,yes,same
0.0565100014209747,0.0371972918510437,0.019312709569930996,low,low,yes,same
0.0004299999854993,0.0008992219227366,0.0004692219372373,low,low,yes,same
0.0007099999929778,0.0069892751052975,0.0062792751123197,low,low,yes,same
0.0001100000008591,0.0325446426868438,0.0324346426859847,low,low,yes,same
0.0001800000027287,0.0055605620145797,0.005380562011851,low,low,yes,same
0.0004299999854993,0.0022794725373387,0.0018494725518394,low,low,yes,same
0.0105499997735023,0.0298648420721292,0.0193148422986269,low,low,yes,same
0.0004400000034365,0.0011366847902536,0.0006966847868170999,low,low,yes,same
0.1083599999547004,0.0031478088349103,0.1052121911197901,low,medium,no,higher
0.0088499998673796,0.0194709636270999,0.010620963759720301,low,low,yes,same
0.0002600000007078,0.0015231763245537,0.0012631763238459002,low,low,yes,same
0.3834100067615509,0.3866744935512543,0.003264486789703369,medium,medium,yes,same
0.0020200000144541,0.0029907890129834,0.0009707889985293002,low,low,yes,same
0.8109999895095825,0.8241016864776611,0.013101696968078613,high,high,yes,same
0.0018799999961629,0.0154673578217625,0.013587357825599599,low,low,yes,same
0.0014700000174343,0.0008339165360666,0.0006360834813677,low,low,yes,same
0.0012100000167265,0.0017330666305497,0.0005230666138231999,low,low,yes,same
0.925570011138916,0.9174598455429076,0.008110165596008412,high,high,yes,same
0.5176200270652771,0.5388497710227966,0.02122974395751953,medium,medium,yes,same
0.9117500185966492,0.9077990651130676,0.003950953483581543,high,high,yes,same
0.0004299999854993,0.0509323813021183,0.050502381316619,low,low,yes,same
0.0008099999977275,0.002023444045335,0.0012134440476075001,low,low,yes,same
0.0008800000068731,0.0011080085532739,0.00022800854640079996,low,low,yes,same
0.0004799999878741,0.0038986038416624,0.0034186038537883,low,low,yes,same
0.0179500002413988,0.0042120404541492,0.0137379597872496,low,low,yes,same
0.0004299999854993,0.0015321895480155,0.0011021895625162,low,low,yes,same
0.3080700039863586,0.4074059724807739,0.09933596849441534,medium,medium,yes,same
0.0009299999801442,0.0025025261566042,0.0015725261764599997,low,low,yes,same
0.0028899998869746,0.0053637437522411,0.0024737438652665,low,low,yes,same
0.0008299999753944,0.0052047562785446,0.0043747563031502,low,low,yes,same
0.0103599997237324,0.0146193169057369,0.0042593171820045,low,low,yes,same
0.9222300052642822,0.920724630355835,0.0015053749084472656,high,high,yes,same
0.0001800000027287,0.0619275420904159,0.0617475420876872,low,low,yes,same
0.0003999999898951,0.0059134201146662,0.0055134201247711,low,low,yes,same
0.00089999998454,0.0035974497441202,0.0026974497595801997,low,low,yes,same
0.0015099999727681,0.0001239324046764,0.0013860675680917,low,low,yes,same
0.9092299938201904,0.8582510352134705,0.05097895860671997,high,high,yes,same
0.013600000180304,0.0176877751946449,0.0040877750143409,low,low,yes,same
0.0062199998646974,0.0154674313962459,0.0092474315315485,low,low,yes,same
0.0072900000959634,0.0061482819728553,0.0011417181231081,low,low,yes,same
0.0004299999854993,0.0014066235162317,0.0009766235307324001,low,low,yes,same
0.0118300002068281,0.0313225500285625,0.019492549821734397,low,low,yes,same
0.3455100059509277,0.1272359788417816,0.2182740271091461,medium,medium,yes,same
0.0040699997916817,0.0028026576619595,0.0012673421297221999,low,low,yes,same
0.0003000000142492,0.0001751110976329,0.00012488891661629998,low,low,yes,same
0.0008800000068731,0.2956854999065399,0.2948054998996668,medium,low,no,lower
0.410180002450943,0.4837560057640075,0.07357600331306452,medium,medium,yes,same
0.0005799999926239,0.0069677666760981,0.0063877666834741996,low,low,yes,same
0.0002500000118743,0.0026944151613861,0.0024444151495118,low,low,yes,same
0.0043999999761581,0.0164926145225763,0.0120926145464182,low,low,yes,same
0.8714600205421448,0.8742810487747192,0.002821028232574463,high,high,yes,same
0.1754100024700164,0.0027963956817984,0.172613606788218,low,medium,no,higher
0.0004400000034365,0.0208931993693113,0.0204531993658748,low,low,yes,same
0.0005200000014156,0.2016048580408096,0.201084858039394,medium,low,no,lower
0.9441199898719788,0.9389454126358032,0.005174577236175537,high,high,yes,same
0.0088499998673796,0.0084917936474084,0.00035820621997119904,low,low,yes,same
9.000000136438757e-05,0.0011768192052841,0.0010868192039197124,low,low,yes,same
0.0005200000014156,0.0101196113973855,0.0095996113959699,low,low,yes,same
0.0118300002068281,0.0031316827517002,0.0086983174551279,low,low,yes,same
0.001410000026226,0.0411627143621444,0.0397527143359184,low,low,yes,same
0.0003000000142492,0.0001915069005917,0.0001084931136575,low,low,yes,same
0.0883300006389617,0.1234662607312202,0.03513626009225851,medium,low,no,lower
0.0004400000034365,0.0096058454364538,0.0091658454330173,low,low,yes,same
0.0030700000934302,0.0175594352185726,0.014489435125142398,low,low,yes,same
0.0082099996507167,0.0055498196743428,0.0026601799763739005,low,low,yes,same
0.0923999994993209,0.186651811003685,0.0942518115043641,medium,low,no,lower
0.0004299999854993,0.0082193398848176,0.0077893398993183005,low,low,yes,same
0.9427400231361388,0.9437701106071472,0.0010300874710084118,high,high,yes,same
0.672540009021759,0.0380767956376075,0.6344632133841516,low,medium,no,higher
0.0024200000334531,0.010054319165647,0.0076343191321939004,low,low,yes,same
0.0153700001537799,0.0954637005925178,0.0800937004387379,low,low,yes,same
0.0784000009298324,0.0019970415160059,0.07640295941382651,low,low,yes,same
0.0003000000142492,0.0011077836388722,0.0008077836246229999,low,low,yes,same
0.00044999999227,0.0002222590555902,0.00022774093667980003,low,low,yes,same
0.9433199763298036,0.6016786098480225,0.3416413664817811,medium,high,no,higher
0.0006399999838322,0.0052083004266023,0.0045683004427701,low,low,yes,same
0.5730299949645996,0.5806980133056641,0.007668018341064453,medium,medium,yes,same
0.0004299999854993,0.0008616088889539,0.0004316089034546,low,low,yes,same
0.0002800000074785,0.0006904332549311,0.00041043324745259995,low,low,yes,same
0.0009100000024773,0.065345861017704,0.06443586101522669,low,low,yes,same
0.0001800000027287,0.1153220906853675,0.1151420906826388,medium,low,no,lower
0.0004299999854993,0.0068207434378564,0.0063907434523571005,low,low,yes,same
0.0005499999970197,0.0023216125555336,0.0017716125585138997,low,low,yes,same
0.8440300226211548,0.8624640107154846,0.018433988094329834,high,high,yes,same
0.9408699870109558,0.6298111081123352,0.3110588788986206,medium,high,no,higher
0.0110299997031688,0.0123938480392098,0.0013638483360409997,low,low,yes,same
0.9099900126457214,0.9255053997039796,0.015515387058258168,high,high,yes,same
0.0004699999990407,0.0308747962117195,0.0304047962126788,low,low,yes,same
0.0030700000934302,0.0044305752962827,0.0013605752028524997,low,low,yes,same
0.0020999999251216,0.0015642317011952,0.0005357682239264,low,low,yes,same
0.0001699999993434,6.165001104818657e-05,0.00010834998829521342,low,low,yes,same
0.0004299999854993,0.0011485880240797,0.0007185880385804,low,low,yes,same
0.9434900283813475,0.937923014163971,0.005567014217376598,high,high,yes,same
0.0883300006389617,0.1179222241044044,0.0295922234654427,medium,low,no,lower
0.0003699999942909,0.0085344361141324,0.0081644361198415,low,low,yes,same
0.9446099996566772,0.9413779973983764,0.0032320022583008923,high,high,yes,same
0.0004299999854993,0.0026020649820566,0.0021720649965573,low,low,yes,same
0.9423699975013732,0.0054055745713412,0.936964422930032,low,high,no,higher
0.0004299999854993,0.1038714051246643,0.10344140513916501,medium,low,no,lower
0.0003800000122282,0.0031629798468202,0.002782979834592,low,low,yes,same
7.999999797903001e-05,0.0018697422929108,0.00178974229493177,low,low,yes,same
0.3949599862098694,0.2916713356971741,0.10328865051269531,medium,medium,yes,same
0.0810299962759018,0.0853256657719612,0.004295669496059404,low,low,yes,same
0.0023199999704957,0.0022741528227925,4.584714770319983e-05,low,low,yes,same
0.0001699999993434,0.0058615384623408,0.005691538462997399,low,low,yes,same
0.0011099999537691,0.0060049705207347,0.0048949705669656006,low,low,yes,same
0.0371199995279312,0.0265204831957817,0.010599516332149499,low,low,yes,same
0.0003300000098533,0.0153940506279468,0.0150640506180935,low,low,yes,same
0.0004400000034365,0.00307462294586,0.0026346229424235,low,low,yes,same
0.0883300006389617,0.1234662607312202,0.03513626009225851,medium,low,no,lower
0.0002600000007078,0.0010248227044939,0.0007648227037861,low,low,yes,same
0.0004400000034365,0.0012033375678583,0.0007633375644217999,low,low,yes,same
0.0305000003427267,0.7437246441841125,0.7132246438413858,high,low,no,lower
0.0007099999929778,0.1049176976084709,0.1042076976154931,medium,low,no,lower
0.0005399999790824,0.0008849772857502,0.0003449773066678,low,low,yes,same
0.0357099995017051,0.0032348327804356,0.0324751667212695,low,low,yes,same
0.0117899999022483,0.0040854304097592,0.0077045694924890995,low,low,yes,same
0.0006799999973736,0.0025806881021708,0.0019006881047971998,low,low,yes,same
0.0007500000065192,0.0177840702235698,0.0170340702170506,low,low,yes,same
0.0007500000065192,0.000327676127199,0.00042232387932020004,low,low,yes,same
0.0008200000156648,0.0074898055754601,0.0066698055597953,low,low,yes,same
0.0001699999993434,0.0075269169174134,0.00735691691807,low,low,yes,same
0.0009100000024773,0.0007221268606372,0.00018787314184010007,low,low,yes,same
0.0197400003671646,0.0214613061398267,0.0017213057726620969,low,low,yes,same
0.0088499998673796,0.0119034582749009,0.0030534584075213,low,low,yes,same
0.4902400076389313,0.0005178834544494,0.48972212418448186,low,medium,no,higher
0.0005399999790824,0.0092142485082149,0.0086742485291325,low,low,yes,same
0.3660300076007843,0.3365763425827026,0.02945366501808172,medium,medium,yes,same
0.0001800000027287,0.0619275718927383,0.0617475718900096,low,low,yes,same
0.0003499999875202,0.008465620689094,0.008115620701573801,low,low,yes,same
0.0061499997973442,0.042701207101345,0.0365512073040008,low,low,yes,same
0.0002800000074785,0.002321210457012,0.0020412104495335,low,low,yes,same
0.0015800000401213,0.0033330444712191,0.0017530444310978,low,low,yes,same
0.0190099999308586,0.0141707407310605,0.004839259199798102,low,low,yes,same
0.0005000000237487,0.1563819795846939,0.1558819795609452,medium,low,no,lower
0.5619800090789795,0.0240582711994647,0.5379217378795148,low,medium,no,higher
0.0010600000387057,0.4110905230045318,0.4100305229658261,medium,low,no,lower
0.0006500000017695,0.0012661687796935,0.0006161687779239999,low,low,yes,same
0.000239999993937,0.0010542720556259,0.0008142720616888999,low,low,yes,same
0.0117899999022483,0.0111222751438617,0.0006677247583865998,low,low,yes,same
0.0011500000255182,0.0006830751663073,0.0004669248592109,low,low,yes,same
0.0065999999642372,0.008868483826518,0.0022684838622807997,low,low,yes,same
0.0047699999995529,0.0008537217509001,0.0039162782486528,low,low,yes,same
0.0001400000037392,0.0094085223972797,0.0092685223935405,low,low,yes,same
0.8538200259208679,0.0162522140890359,0.837567811831832,low,high,no,higher
0.0001300000003539,0.001362303388305,0.0012323033879511,low,low,yes,same
0.1133100017905235,0.1162611171603202,0.0029511153697966974,medium,medium,yes,same
0.0009100000024773,0.003860285738483,0.0029502857360057004,low,low,yes,same
0.0118300002068281,0.0016792005626484,0.0101507996441797,low,low,yes,same
0.0004600000102072,0.0035464612301439,0.0030864612199367,low,low,yes,same
0.0019600000232458,0.0190477222204208,0.017087722197174998,low,low,yes,same
0.0004299999854993,0.0021093343384563,0.001679334352957,low,low,yes,same
0.0003999999898951,0.00392597168684,0.0035259716969449004,low,low,yes,same
0.0449200011789798,0.0464360751211643,0.0015160739421845038,low,low,yes,same
0.0006900000153109,0.0070445835590362,0.0063545835437253005,low,low,yes,same
0.1754100024700164,0.0027963956817984,0.172613606788218,low,medium,no,higher
0.0005900000105611,0.0859960913658142,0.0854060913552531,low,low,yes,same
0.0031099999323487,0.0003958730376325,0.0027141268947162,low,low,yes,same
0.0038600000552833,0.037072516977787,0.033212516922503696,low,low,yes,same
0.232910007238388,0.229631558060646,0.0032784491777420044,medium,medium,yes,same
0.8733299970626831,0.9192094206809998,0.04587942361831665,high,high,yes,same
0.0115599995478987,0.0096005927771329,0.0019594067707658005,low,low,yes,same
0.5475299954414368,0.0028810850344598,0.5446489104069769,low,medium,no,higher
0.00044999999227,0.0180827379226684,0.017632737930398403,low,low,yes,same
0.0004299999854993,0.0001937165798153,0.00023628340568399998,low,low,yes,same
0.911109983921051,0.9127066135406494,0.0015966296195983887,high,high,yes,same
0.0001100000008591,0.0023671519011259,0.0022571519002668,low,low,yes,same
0.0002300000051036,0.0012001644354313,0.0009701644303277,low,low,yes,same
0.925570011138916,0.925925076007843,0.00035506486892700195,high,high,yes,same
0.0002500000118743,0.0017382783116772,0.0014882782998029,low,low,yes,same
0.0003900000010617,0.0035781750921159,0.0031881750910542,low,low,yes,same
0.0088499998673796,0.0275672599673271,0.0187172600999475,low,low,yes,same
0.0015099999727681,0.0011619688011705,0.0003480311715976,low,low,yes,same
0.0153700001537799,0.0247213449329137,0.0093513447791338,low,low,yes,same
0.0007200000109151,0.0243966095149517,0.0236766095040366,low,low,yes,same
0.0001699999993434,0.0001749091898091,4.909190465700005e-06,low,low,yes,same
0.0009299999801442,0.490242600440979,0.4893126004608348,medium,low,no,lower
0.0003499999875202,0.0019926091190427,0.0016426091315225,low,low,yes,same
0.0004100000078324,0.0007754671387374,0.000365467130905,low,low,yes,same
0.0005000000237487,0.0004631926422007,3.6807381547999984e-05,low,low,yes,same
0.9300699830055236,0.9413936138153076,0.011323630809784047,high,high,yes,same
0.0002899999963119,0.0027196190785616,0.0024296190822496997,low,low,yes,same
0.0004600000102072,0.005154815968126,0.0046948159579188,low,low,yes,same
0.0088499998673796,0.0004101257945876,0.008439874072792,low,low,yes,same
0.0161799993366003,0.051714289933443,0.035534290596842696,low,low,yes,same
0.0131900003179907,0.0158688239753246,0.0026788236573338994,low,low,yes,same
0.3190400004386902,0.3191241323947906,8.413195610040836e-05,medium,medium,yes,same
0.0020999999251216,0.0014035565545782,0.0006964433705433999,low,low,yes,same
0.632099986076355,0.6352539658546448,0.003153979778289795,medium,medium,yes,same
0.0179800000041723,0.2024989873170852,0.1845189873129129,medium,low,no,lower
0.0087900003418326,0.0091325128450989,0.00034251250326629984,low,low,yes,same
0.0004299999854993,0.0006160420016385,0.00018604201613920003,low,low,yes,same
0.0109099997207522,0.0134060932323336,0.0024960935115814,low,low,yes,same
0.0012799999676644,0.014142976142466,0.0128629761748016,low,low,yes,same
0.012869999743998,0.0127032399177551,0.00016675982624290119,low,low,yes,same
0.0088499998673796,0.0020856435876339,0.0067643562797457,low,low,yes,same
0.0013399999588727,0.0811393037438392,0.0797993037849665,low,low,yes,same
0.0004299999854993,0.0006749619496986,0.0002449619641993,low,low,yes,same
0.0004299999854993,5.360586874303408e-05,0.0003763941167562659,low,low,yes,same
0.1686400026082992,0.0099837770685553,0.1586562255397439,low,medium,no,higher
0.0020500000100582,0.0024385033175349,0.00038850330747670003,low,low,yes,same
0.0004299999854993,0.0014425156405195,0.0010125156550202,low,low,yes,same
0.0004299999854993,0.0044791619293391,0.0040491619438398005,low,low,yes,same
0.013209999538958,0.0006321516120806,0.012577847926877399,low,low,yes,same
0.0995799973607063,0.202096402645111,0.1025164052844047,medium,low,no,lower
0.0003000000142492,0.0006081078317947,0.00030810781754550006,low,low,yes,same
0.7681499719619751,0.7795388102531433,0.011388838291168213,high,high,yes,same
0.8322799801826477,0.2151174396276474,0.6171625405550003,medium,high,no,higher
0.0088499998673796,0.1231605634093284,0.11431056354194881,medium,low,no,lower
0.7819899916648865,0.256447821855545,0.5255421698093414,medium,high,no,higher
0.0004299999854993,0.0002629606460686,0.00016703933943069998,low,low,yes,same
0.0048400000669062,0.0068069514818489,0.0019669514149426998,low,low,yes,same
0.6628000140190125,0.1395357400178909,0.5232642740011215,medium,medium,yes,same
0.0004299999854993,0.0009635794558562,0.0005335794703569001,low,low,yes,same
0.0377900004386901,0.0372383780777454,0.0005516223609446994,low,low,yes,same
0.0003399999986868,0.0829756259918212,0.08263562599313441,low,low,yes,same
0.9100800156593324,0.9305930733680724,0.020513057708740012,high,high,yes,same
0.9442700147628784,0.9180112481117249,0.026258766651153564,high,high,yes,same
0.000239999993937,0.0003103535855188,7.035359158179998e-05,low,low,yes,same
0.0005399999790824,0.0001540244702482,0.0003859755088342,low,low,yes,same
0.0009699999936856,0.0072459955699741,0.0062759955762885,low,low,yes,same
0.0004100000078324,0.001421851105988,0.0010118510981556002,low,low,yes,same
0.0015399999683722,0.0005162998568266,0.0010237001115455998,low,low,yes,same
0.0005300000193528,0.0693908184766769,0.0688608184573241,low,low,yes,same
0.0015399999683722,0.0008277895394712,0.0007122104289009999,low,low,yes,same
0.0004299999854993,0.0011790858116,0.0007490858261007,low,low,yes,same
0.0003300000098533,0.0001483987434767,0.0001816012663766,low,low,yes,same
0.0001800000027287,0.0009111214894801,0.0007311214867514,low,low,yes,same
0.0005699999746866,0.104526937007904,0.1039569370332174,medium,low,no,lower
0.0435599982738494,0.016882125288248,0.026677872985601397,low,low,yes,same
0.0002800000074785,0.010314816609025,0.0100348166015465,low,low,yes,same
0.0002899999963119,0.1334003508090973,0.13311035081278538,medium,low,no,lower
0.0217300001531839,0.0054273237474262,0.0163026764057577,low,low,yes,same
0.0002500000118743,0.0004797950095962,0.00022979499772190001,low,low,yes,same
0.0217199996113777,0.0513222776353359,0.029602278023958203,low,low,yes,same
0.0004299999854993,0.0009957691654562,0.0005657691799569001,low,low,yes,same
0.0377900004386901,0.0375084728002548,0.0002815276384353013,low,low,yes,same
0.001810000045225,0.0270586926490068,0.0252486926037818,low,low,yes,same
0.0004699999990407,0.0033496895339339,0.0028796895348932,low,low,yes,same
0.9385700225830078,0.9144938588142396,0.0240761637687682,high,high,yes,same
0.00044999999227,0.0128774568438529,0.0124274568515829,low,low,yes,same
0.0088499998673796,0.041867796331644,0.03301779646426441,low,low,yes,same
0.0015399999683722,0.0211059525609016,0.0195659525925294,low,low,yes,same
0.0371199995279312,0.0421057641506195,0.0049857646226883,low,low,yes,same
0.0014400000218302,0.0066854748874902,0.005245474865659999,low,low,yes,same
0.0294100008904933,0.0296857096254825,0.00027570873498920095,low,low,yes,same
0.0005499999970197,0.0098838349804282,0.0093338349834085,low,low,yes,same
0.0002800000074785,0.001388075063005,0.0011080750555265,low,low,yes,same
0.0088499998673796,0.0522846579551696,0.04343465808779,low,low,yes,same
0.0004400000034365,0.0092959189787507,0.0088559189753142,low,low,yes,same
0.2623200118541717,0.2931371629238128,0.030817151069641113,medium,medium,yes,same
0.0010600000387057,0.0031527294777333,0.0020927294390275996,low,low,yes,same
0.0088499998673796,0.004327121656388,0.004522878210991599,low,low,yes,same
0.1134399995207786,0.0062166978605091,0.1072233016602695,low,medium,no,higher
0.0015699999639764,0.0038631486240774,0.002293148660101,low,low,yes,same
0.0002099999983329,0.0176139175891876,0.0174039175908547,low,low,yes,same
0.0013899999903514,0.0008443727856501,0.0005456272047012999,low,low,yes,same
0.0003900000010617,0.0007936311885714,0.0004036311875097,low,low,yes,same
0.2072899937629699,0.2246155738830566,0.017325580120086725,medium,medium,yes,same
0.0015300000086426,0.0008191398810595,0.0007108601275831,low,low,yes,same
0.0001199999969685,0.0051791695877909,0.0050591695908224,low,low,yes,same
0.0011500000255182,0.000373169517843,0.0007768305076751999,low,low,yes,same
0.0305000003427267,0.820635974407196,0.7901359740644693,high,low,no,lower
0.0001800000027287,0.0005982974544167,0.00041829745168800003,low,low,yes,same
0.0088499998673796,0.0165383405983448,0.0076883407309652,low,low,yes,same
0.9256399869918824,0.9357798099517822,0.010139822959899791,high,high,yes,same
0.0493599995970726,0.001727859256789,0.0476321403402836,low,low,yes,same
0.0010799999581649,0.0936445891857147,0.09256458922754979,low,low,yes,same
0.0010799999581649,0.0026775761507451,0.0015975761925802001,low,low,yes,same
0.0003999999898951,0.0023098005913197,0.0019098006014246001,low,low,yes,same
0.0002600000007078,0.000464604148874,0.0002046041481662,low,low,yes,same
0.0013899999903514,0.011482048779726,0.010092048789374601,low,low,yes,same
0.0088499998673796,0.0480802059173584,0.0392302060499788,low,low,yes,same
0.760670006275177,0.5114943385124207,0.24917566776275635,medium,high,no,higher
0.0002200000017182,0.0015920897712931,0.0013720897695749,low,low,yes,same
0.033560000360012,0.3626051545143127,0.3290451541543007,medium,low,no,lower
0.0004299999854993,0.0002998592390213,0.00013014074647799996,low,low,yes,same
0.0003900000010617,0.0002604986948426,0.0001295013062191,low,low,yes,same
0.5020800232887268,0.2749103307723999,0.2271696925163269,medium,medium,yes,same
0.0013299999991431,0.5771397352218628,0.5758097352227197,medium,low,no,lower
0.0394800007343292,0.2628036439418793,0.22332364320755008,medium,low,no,lower
0.0008399999933317,0.0011065097060054,0.00026650971267370006,low,low,yes,same
0.0094999996945261,0.0038357742596417,0.0056642254348843995,low,low,yes,same
0.0004100000078324,0.0013291080249473,0.0009191080171149,low,low,yes,same
0.0015000000130385,0.0163172353059053,0.0148172352928668,low,low,yes,same
0.0002200000017182,0.0030948484782129,0.0028748484764947,low,low,yes,same
0.0449200011789798,0.0765659064054489,0.0316459052264691,low,low,yes,same
0.0037700000684708,0.0154489958658814,0.0116789957974106,low,low,yes,same
0.0362400002777576,0.0081497281789779,0.028090272098779703,low,low,yes,same
0.0040600001811981,0.0049995961599051,0.0009395959787069997,low,low,yes,same
0.0016700000269338,0.0007769016665406,0.0008930983603932,low,low,yes,same
0.0001300000003539,0.0012347084702923,0.0011047084699384,low,low,yes,same
0.0002800000074785,0.0005683932686224,0.0002883932611439,low,low,yes,same
0.0004299999854993,2.236312866443768e-05,0.0004076368568348623,low,low,yes,same
0.8786500096321106,0.0327365100383758,0.8459134995937347,low,high,no,higher
0.944130003452301,0.9449105858802797,0.0007805824279786266,high,high,yes,same
0.0004400000034365,0.007440011948347,0.0070000119449105,low,low,yes,same
0.0004600000102072,0.0018622890347614,0.0014022890245542,low,low,yes,same
0.00044999999227,0.0016538272611796,0.0012038272689095999,low,low,yes,same
0.0009800000116229,0.0158212725073099,0.014841272495687,low,low,yes,same
0.0002800000074785,0.0017630483489483,0.0014830483414698002,low,low,yes,same
0.0019000000320374,0.0008687236113473,0.0010312764206901002,low,low,yes,same
0.0005699999746866,0.0010111670708283,0.0004411670961417,low,low,yes,same
0.8440300226211548,0.7972844839096069,0.04674553871154785,high,high,yes,same
0.1130700036883354,0.5049615502357483,0.3918915465474129,medium,medium,yes,same
0.0369799993932247,0.0329636968672275,0.0040163025259972035,low,low,yes,same
0.0061499997973442,0.0434172339737415,0.037267234176397296,low,low,yes,same
0.0004799999878741,0.0040194992907345,0.0035394993028604,low,low,yes,same
0.0004299999854993,0.0016078692860901,0.0011778693005908,low,low,yes,same
0.0026499999221414,0.0154673578217625,0.0128173578996211,low,low,yes,same
0.0362400002777576,0.0012518592411652,0.0349881410365924,low,low,yes,same
0.9747999906539916,0.864550769329071,0.11024922132492054,high,high,yes,same
0.6446300148963928,0.6488790512084961,0.0042490363121032715,medium,medium,yes,same
0.0005699999746866,0.0092544192448258,0.0086844192701392,low,low,yes,same
0.0517899990081787,0.0199392363429069,0.0318507626652718,low,low,yes,same
0.0004400000034365,0.0007239797268994,0.00028397972346289995,low,low,yes,same
0.1916400045156479,0.0166001040488481,0.1750399004667998,low,medium,no,higher
0.6515499949455261,0.6583479046821594,0.006797909736633301,medium,medium,yes,same
0.0004299999854993,0.0007569451699964,0.0003269451844971,low,low,yes,same
0.0004299999854993,0.0007207758608274,0.00029077587532810005,low,low,yes,same
0.0269200000911951,0.0002235908905277,0.0266964092006674,low,low,yes,same
0.0005499999970197,0.0153343733400106,0.0147843733429909,low,low,yes,same
0.0002099999983329,0.0244420710951089,0.024232071096775998,low,low,yes,same
0.0575099997222423,0.0626624822616577,0.005152482539415401,low,low,yes,same
0.0201099999248981,0.0203834027051925,0.000273402780294401,low,low,yes,same
0.0004299999854993,0.006583877839148,0.006153877853648701,low,low,yes,same
0.0008200000156648,0.0016637111548334,0.0008437111391686001,low,low,yes,same
0.2072899937629699,0.0369840152561664,0.17030597850680348,low,medium,no,higher
0.0002800000074785,0.0035145496949553,0.0032345496874768,low,low,yes,same
0.0003900000010617,0.0013171904720366,0.0009271904709749,low,low,yes,same
0.001300000003539,0.0059470115229487,0.0046470115194097005,low,low,yes,same
0.0024999999441206,0.0277137402445077,0.0252137403003871,low,low,yes,same
0.5723099708557129,0.4404361546039581,0.13187381625175482,medium,medium,yes,same
0.0006300000241026,0.0009918322321027,0.00036183220800009987,low,low,yes,same
0.0012600000482052,0.0010280017741024,0.0002319982741028001,low,low,yes,same
0.0028899998869746,0.0019528423435986,0.0009371575433759999,low,low,yes,same
0.0012600000482052,0.0005844579427503,0.0006755421054549001,low,low,yes,same
0.9627699851989746,0.9146605730056764,0.04810941219329823,high,high,yes,same
0.0471699982881546,0.0464055053889751,0.0007644928991795003,low,low,yes,same
0.0014499999815598,0.0076921521686017,0.0062421521870419,low,low,yes,same
0.0038099999073892,0.2797613441944122,0.27595134428702295,medium,low,no,lower
0.0004299999854993,0.0024632075801491,0.0020332075946498,low,low,yes,same
0.0004299999854993,0.000648925313726,0.00021892532822670002,low,low,yes,same
0.0038799999747425,0.0055819205008447,0.0017019205261021996,low,low,yes,same
0.003220000071451,0.0061844266019761,0.0029644265305251,low,low,yes,same
0.0037799999117851,0.0067106038331985,0.0029306039214133995,low,low,yes,same
0.0011800000211223,0.0372237376868724,0.0360437376657501,low,low,yes,same
0.0026700000744313,0.0008509884355589,0.0018190116388724,low,low,yes,same
0.0004400000034365,0.000433221401181,6.7786022555000095e-06,low,low,yes,same
0.907140016555786,0.8845983147621155,0.022541701793670543,high,high,yes,same
0.1973699927330017,0.0659726932644844,0.1313972994685173,low,medium,no,higher
0.0015500000445172,0.0031256552319973,0.0015756551874801,low,low,yes,same
0.0004600000102072,0.0038619490806013,0.0034019490703941,low,low,yes,same
0.0002600000007078,0.0045352163724601,0.0042752163717523,low,low,yes,same
0.0004900000058114,0.2437222599983215,0.2432322599925101,medium,low,no,lower
0.002820000052452,0.004446574486792,0.0016265744343400002,low,low,yes,same
0.3226200044155121,0.3499636054039001,0.027343600988388006,medium,medium,yes,same
0.3897800147533417,0.4230212867259979,0.03324127197265625,medium,medium,yes,same
0.2279199957847595,0.0032763287890702,0.2246436669956893,low,medium,no,higher
0.0003300000098533,0.0007289480417966,0.00039894803194330005,low,low,yes,same
0.0004299999854993,0.0048966547474265,0.004466654761927201,low,low,yes,same
0.0004299999854993,0.0043458160944283,0.003915816108929,low,low,yes,same
0.0057399999350309,0.088937871158123,0.0831978712230921,low,low,yes,same
0.0001699999993434,0.001292043714784,0.0011220437154406,low,low,yes,same
0.0006300000241026,0.0040347822941839,0.0034047822700813,low,low,yes,same
0.0010300000431016,0.0225662924349308,0.0215362923918292,low,low,yes,same
0.0179500002413988,0.0042120404541492,0.0137379597872496,low,low,yes,same
0.0015800000401213,0.0054386612027883,0.003858661162667,low,low,yes,same
0.0004299999854993,0.001160993007943,0.0007309930224437,low,low,yes,same
0.9436600208282472,0.942736804485321,0.0009232163429261364,high,high,yes,same
0.8726800084114075,0.6974627375602722,0.17521727085113525,medium,high,no,higher
0.1946399956941604,0.0109501332044601,0.18368986248970032,low,medium,no,higher
0.0007999999797903,0.0031263031996786,0.0023263032198883,low,low,yes,same
0.0115599995478987,0.01189527194947,0.0003352724015712998,low,low,yes,same
0.0005200000014156,0.0128400223329663,0.0123200223315507,low,low,yes,same
0.0001100000008591,0.016685102134943,0.0165751021340839,low,low,yes,same
0.0030499999411404,0.0129990056157112,0.0099490056745708,low,low,yes,same
0.0013500000350177,0.0040126917883753,0.0026626917533575994,low,low,yes,same
0.0003000000142492,0.0024739324580878,0.0021739324438386004,low,low,yes,same
0.0013099999632686,0.0022520176135003,0.0009420176502316999,low,low,yes,same
0.0005000000237487,0.0008101785206235,0.0003101784968748,low,low,yes,same
0.0004299999854993,0.0004242443246766,5.755660822699975e-06,low,low,yes,same
0.0025400000158697,0.0164555665105581,0.0139155664946884,low,low,yes,same
0.0004600000102072,0.0046338224783539,0.0041738224681467,low,low,yes,same
0.0362400002777576,0.108433723449707,0.0721937231719494,medium,low,no,lower
0.0003300000098533,0.0042719934135675,0.0039419934037142,low,low,yes,same
0.0370099991559982,0.0383781231939792,0.0013681240379809986,low,low,yes,same
0.0009100000024773,0.0010386453941464,0.00012864539166909986,low,low,yes,same
0.0743499994277954,0.3379764854907989,0.2636264860630035,medium,low,no,lower
0.9428300261497498,0.9493185877799988,0.0064885616302490234,high,high,yes,same
0.0369799993932247,0.0329636968672275,0.0040163025259972035,low,low,yes,same
0.0528099983930587,0.0018399214604869,0.0509700769325718,low,low,yes,same
0.8372899889945984,0.8155666589736938,0.02172333002090454,high,high,yes,same
0.3338100016117096,0.3234125077724457,0.010397493839263916,medium,medium,yes,same
0.0005799999926239,0.001909838640131,0.0013298386475070999,low,low,yes,same
0.0055100000463426,0.537484884262085,0.5319748842157423,medium,low,no,lower
0.0119599997997283,0.002694445895031,0.009265553904697299,low,low,yes,same
0.0002099999983329,0.0069585936143994,0.0067485936160665005,low,low,yes,same
0.0010000000474974,0.0016510722925886,0.0006510722450912001,low,low,yes,same
0.923359990119934,0.9265683889389038,0.0032083988189698376,high,high,yes,same
0.0007399999885819,0.0556885115802288,0.0549485115916469,low,low,yes,same
0.0001199999969685,0.0009074442205019,0.0007874442235334,low,low,yes,same
0.0005900000105611,0.0214417744427919,0.0208517744322308,low,low,yes,same
0.002820000052452,0.0028283856809139,8.385628461900219e-06,low,low,yes,same
0.9444400072097778,0.9538723230361938,0.009432315826416016,high,high,yes,same
0.0020500000100582,0.0020002373494207,4.976266063750007e-05,low,low,yes,same
0.0263999998569488,0.0708570480346679,0.0444570481777191,low,low,yes,same
0.1973699927330017,0.2905649244785309,0.09319493174552917,medium,medium,yes,same
0.0031799999997019,0.0075579066760838,0.004377906676381899,low,low,yes,same
0.2431900054216385,0.7509275078773499,0.5077375024557114,high,medium,no,lower
0.0003800000122282,0.0002490728802513,0.00013092713197689998,low,low,yes,same
0.9415000081062316,0.9418846368789672,0.0003846287727355957,high,high,yes,same
0.9286800026893616,0.9490671157836914,0.020387113094329834,high,high,yes,same
0.9395400285720824,0.8037447929382324,0.13579523563385,high,high,yes,same
0.0095399999991059,0.0130789494141936,0.0035389494150877,low,low,yes,same
0.0342399999499321,0.0777702555060386,0.0435302555561065,low,low,yes,same
0.0004299999854993,0.0004439121112227,1.3912125723400046e-05,low,low,yes,same
0.0044599999673664,0.0026263438630849,0.0018336561042814996,low,low,yes,same
0.0268200002610683,0.0219159200787544,0.004904080182313898,low,low,yes,same
0.0011099999537691,0.0049047493375837,0.0037947493838146,low,low,yes,same
0.0009500000160187,0.0044108503498137,0.0034608503337949996,low,low,yes,same
0.0010300000431016,0.0176145285367965,0.0165845284936949,low,low,yes,same
0.0020800000056624,0.0165421180427074,0.014462118037045002,low,low,yes,same
0.001189999980852,0.0137420557439327,0.012552055763080699,low,low,yes,same
0.0003999999898951,0.0077623976394534,0.0073623976495583,low,low,yes,same
0.9217100143432616,0.9297764897346495,0.00806647539138794,high,high,yes,same
0.0001100000008591,0.0023697027936577,0.0022597027927986,low,low,yes,same
0.0088499998673796,0.0247731711715459,0.0159231713041663,low,low,yes,same
0.0005300000193528,0.0008691715192981,0.0003391714999453,low,low,yes,same
0.0048799999058246,0.7584949731826782,0.7536149732768537,high,low,no,lower
0.009689999744296,0.0086742425337433,0.0010157572105526994,low,low,yes,same
0.00395999988541,0.0175594352185726,0.013599435333162598,low,low,yes,same
0.0458699986338615,0.0208171606063842,0.0250528380274773,low,low,yes,same
0.0154999997466802,0.0095724966377019,0.005927503108978301,low,low,yes,same
0.0010400000028312,0.0004982334794476,0.0005417665233836001,low,low,yes,same
0.0012700000079348,0.0025416237767785,0.0012716237688436998,low,low,yes,same
0.02415999956429,0.0200096182525157,0.004150381311774302,low,low,yes,same
0.0205499995499849,0.5049425959587097,0.48439259640872484,medium,low,no,lower
0.9124299883842468,0.8845983147621155,0.027831673622131348,high,high,yes,same
0.0007999999797903,0.0025989483110606,0.0017989483312702997,low,low,yes,same
0.0006999999750405,0.4997410476207733,0.4990410476457328,medium,low,no,lower
0.0003000000142492,8.842088573146611e-05,0.00021157912851773388,low,low,yes,same
0.0013099999632686,0.0046322280541062,0.0033222280908376,low,low,yes,same
0.8836699724197388,0.8895992636680603,0.005929291248321533,high,high,yes,same
0.0087799998000264,0.1519780457019806,0.1431980459019542,medium,low,no,lower
0.2291699945926666,0.3154788017272949,0.08630880713462832,medium,medium,yes,same
0.4979200065135956,0.0078952070325613,0.4900247994810343,low,medium,no,higher
0.0020200000144541,0.0006712599424645,0.0013487400719895998,low,low,yes,same
0.0031099999323487,0.088327370584011,0.0852173706516623,low,low,yes,same
0.002430000109598,0.0051558823324739,0.0027258822228759,low,low,yes,same
0.0014400000218302,0.0018325686687603,0.0003925686469301,low,low,yes,same
0.0105499997735023,0.0090966513380408,0.0014533484354615003,low,low,yes,same
0.5619300007820129,0.550419807434082,0.011510193347930908,medium,medium,yes,same
0.0004299999854993,0.0041677737608551,0.0037377737753557998,low,low,yes,same
0.0006300000241026,0.0028835874982178,0.0022535874741152,low,low,yes,same
0.0185700003057718,0.0404646694660186,0.0218946691602468,low,low,yes,same
0.0016599999507889,0.0065676178783178,0.0049076179275289004,low,low,yes,same
0.0003300000098533,0.0004699594865087,0.00013995947665540004,low,low,yes,same
0.0015899999998509,0.0029231023509055,0.0013331023510546,low,low,yes,same
0.0005200000014156,0.0069377543404698,0.0064177543390542,low,low,yes,same
0.000560000014957,0.2197175323963165,0.2191575323813595,medium,low,no,lower
0.069020003080368,0.0661359280347824,0.0028840750455856046,low,low,yes,same
0.9385700225830078,0.907713770866394,0.03085625171661377,high,high,yes,same
0.0002800000074785,0.0050209066830575,0.0047409066755789995,low,low,yes,same
0.0005300000193528,0.0693908184766769,0.0688608184573241,low,low,yes,same
0.0155100002884864,0.0030254018492996,0.0124845984391868,low,low,yes,same
0.940559983253479,0.9200895428657532,0.02047044038772583,high,high,yes,same
0.0118599999696016,0.0033234637230634,0.0085365362465382,low,low,yes,same
0.0129399998113513,0.0055179861374199,0.007422013673931399,low,low,yes,same
0.008899999782443,0.0108310859650373,0.001931086182594301,low,low,yes,same
0.1757400035858154,0.3989507555961609,0.2232107520103455,medium,medium,yes,same
0.0255299992859363,0.0247472580522298,0.0007827412337064986,low,low,yes,same
0.0115599995478987,0.0096005927771329,0.0019594067707658005,low,low,yes,same
0.0004299999854993,0.0009311159374192,0.0005011159519199,low,low,yes,same
0.0005300000193528,0.0021621964406222,0.0016321964212694,low,low,yes,same
0.00044999999227,0.0036506166215986,0.0032006166293286,low,low,yes,same
0.00044999999227,0.0024922841694206,0.0020422841771506,low,low,yes,same
0.001189999980852,0.0024762861430644,0.0012862861622124,low,low,yes,same
0.0001699999993434,0.0036269407719373,0.0034569407725939002,low,low,yes,same
0.0004299999854993,0.0475059449672699,0.0470759449817706,low,low,yes,same
0.0004299999854993,0.0002516203967388,0.00017837958876049998,low,low,yes,same
0.002820000052452,0.0007085921824909,0.0021114078699610997,low,low,yes,same
0.0003000000142492,0.002845759037882,0.0025457590236328,low,low,yes,same
0.00044999999227,0.0016453891294077,0.0011953891371377,low,low,yes,same
0.0003000000142492,0.0011587776243686,0.0008587776101193999,low,low,yes,same
0.0036299999337643,0.2262304276227951,0.2226004276890308,medium,low,no,lower
0.3896499872207641,0.3941818177700043,0.004531830549240168,medium,medium,yes,same
0.3824999928474426,0.0774171650409698,0.30508282780647283,low,medium,no,higher
0.0004199999966658,0.000475444656331,5.5444659665199994e-05,low,low,yes,same
0.0002200000017182,0.0054813511669635,0.0052613511652453,low,low,yes,same
0.0004299999854993,0.0010716598480939,0.0006416598625946001,low,low,yes,same
0.4362199902534485,0.5685703754425049,0.1323503851890564,medium,medium,yes,same
0.0003900000010617,0.0008642227039672,0.0004742227029055,low,low,yes,same
0.0004299999854993,0.0004679101693909,3.791018389160002e-05,low,low,yes,same
0.0004699999990407,0.0017152848886325,0.0012452848895918,low,low,yes,same
0.0103599997237324,0.0130408937111496,0.0026808939874172003,low,low,yes,same
0.00044999999227,0.0115820560604333,0.0111320560681633,low,low,yes,same
0.8296800255775452,0.6579631567001343,0.1717168688774109,medium,high,no,higher
0.0465000011026859,0.0132885286584496,0.0332114724442363,low,low,yes,same
0.0001199999969685,0.0015628150431439,0.0014428150461754002,low,low,yes,same
0.0004299999854993,0.0016696610255166,0.0012396610400173,low,low,yes,same
0.0003499999875202,2.2838297809357755e-05,0.0003271616897108422,low,low,yes,same
0.0117899999022483,0.0137761160731315,0.0019861161708832013,low,low,yes,same
5.999999848427251e-05,0.0035821998026221,0.0035221998041378277,low,low,yes,same
0.0056300000287592,0.0005136726540513,0.0051163273747079005,low,low,yes,same
0.0115599995478987,0.009583986364305,0.0019760131835936997,low,low,yes,same
0.0005000000237487,0.0033042135182768,0.0028042134945280997,low,low,yes,same
0.0001699999993434,0.0011452896287664,0.0009752896294229999,low,low,yes,same
0.9436500072479248,0.9448904395103456,0.0012404322624207653,high,high,yes,same
0.0627499967813491,0.5754134654998779,0.5126634687185289,medium,low,no,lower
0.0004299999854993,0.0009174297447316,0.0004874297592323001,low,low,yes,same
0.0009699999936856,0.0065504545345902,0.0055804545409046,low,low,yes,same
0.0003000000142492,0.0024286948610097,0.0021286948467605002,low,low,yes,same
0.00089999998454,0.0061505548655986,0.0052505548810585995,low,low,yes,same
0.9399200081825256,0.935092031955719,0.004827976226806641,high,high,yes,same
0.0088499998673796,0.0011999855050817,0.007650014362297899,low,low,yes,same
0.0168600007891654,0.0032048802822828,0.0136551205068826,low,low,yes,same
0.0022799998987466,0.009116169065237,0.0068361691664904,low,low,yes,same
0.0010999999940395,0.0633303150534629,0.0622303150594234,low,low,yes,same
0.304390013217926,0.0188689287751913,0.2855210844427347,low,medium,no,higher
0.0005200000014156,0.2810791134834289,0.2805591134820133,medium,low,no,lower
0.0016299999551847,0.7480359077453613,0.7464059077901767,high,low,no,lower
0.0003900000010617,0.0036550473887473,0.0032650473876856,low,low,yes,same
0.0009100000024773,0.0036921249702572,0.0027821249677799,low,low,yes,same
0.0002899999963119,0.0020418909844011,0.0017518909880892,low,low,yes,same
0.000239999993937,0.0016114286845549,0.0013714286906179,low,low,yes,same
0.0008299999753944,0.0082065872848033,0.0073765873094089,low,low,yes,same
0.000239999993937,0.0006272268947213,0.0003872269007843,low,low,yes,same
0.0001800000027287,6.941783067304641e-05,0.0001105821720556536,low,low,yes,same
0.0004299999854993,0.0001215582306031,0.0003084417548962,low,low,yes,same
0.0035300001036375,0.0028296487871557,0.0007003513164818001,low,low,yes,same
0.0011299999896436,0.0579923614859581,0.0568623614963145,low,low,yes,same
0.0009599999757483,0.3294954597949981,0.3285354598192498,medium,low,no,lower
0.8607400059700012,0.8727665543556213,0.012026548385620117,high,high,yes,same
0.9386000037193298,0.9401166439056396,0.0015166401863098145,high,high,yes,same
0.0005799999926239,0.0070344512350857,0.0064544512424618,low,low,yes,same
0.0009399999980814,0.0022416550200432,0.0013016550219618,low,low,yes,same
0.1279499977827072,0.4268491268157959,0.2988991290330887,medium,medium,yes,same
0.0012700000079348,0.0559016801416873,0.054631680133752504,low,low,yes,same
0.94964998960495,0.3050805926322937,0.6445693969726562,medium,high,no,higher
0.0004299999854993,0.0019281720742583,0.001498172088759,low,low,yes,same
0.0006500000017695,0.1545776575803756,0.15392765757860608,medium,low,no,lower
0.4248400032520294,0.4258115589618683,0.0009715557098388672,medium,medium,yes,same
0.0004299999854993,0.0016106802504509,0.0011806802649516,low,low,yes,same
0.0006500000017695,0.0100165540352463,0.009366554033476799,low,low,yes,same
0.0002800000074785,0.0009269358124583,0.0006469358049798,low,low,yes,same
0.00044999999227,0.0014827365521341,0.0010327365598641,low,low,yes,same
0.0021699999924749,0.0044465870596468,0.0022765870671718996,low,low,yes,same
0.0004600000102072,0.0004940750077366,3.407499752939994e-05,low,low,yes,same
0.0004699999990407,0.0010187604930251,0.0005487604939844,low,low,yes,same
0.0001999999949475,0.0046003898605704,0.004400389865622901,low,low,yes,same
0.0001800000027287,0.0016124594258144,0.0014324594230856998,low,low,yes,same
0.0930399969220161,0.1255966424942016,0.0325566455721855,medium,low,no,lower
0.0024399999529123,0.0038411330897361,0.0014011331368238003,low,low,yes,same
0.00044999999227,0.0006789257749915,0.00022892578272150002,low,low,yes,same
0.008899999782443,0.0011581121943891,0.0077418875880539,low,low,yes,same
0.0004299999854993,0.0006185179809108,0.00018851799541150005,low,low,yes,same
0.3006699979305267,0.2905625998973846,0.01010739803314209,medium,medium,yes,same
0.0007399999885819,0.0005791230360046,0.00016087695257730004,low,low,yes,same
0.9331799745559692,0.9279473423957824,0.005232632160186879,high,high,yes,same
0.3208000063896179,0.7135409116744995,0.3927409052848816,high,medium,no,lower
0.0257399994879961,0.0445604510605335,0.0188204515725374,low,low,yes,same
0.3455100059509277,0.3538528382778168,0.008342832326889094,medium,medium,yes,same
0.0031099999323487,0.460207998752594,0.4570979988202453,medium,low,no,lower
0.8718600273132324,0.4823037087917328,0.38955631852149963,medium,high,no,higher
0.928629994392395,0.9307945370674132,0.0021645426750181995,high,high,yes,same
0.0002800000074785,0.0435887426137924,0.0433087426063139,low,low,yes,same
0.0019300000276416,0.0055878711864352,0.0036578711587936,low,low,yes,same
0.0004299999854993,0.0011048349551856,0.0006748349696863,low,low,yes,same
0.009519999846816,0.0217898711562156,0.012269871309399598,low,low,yes,same
0.0005200000014156,0.0080455048009753,0.0075255047995597,low,low,yes,same
0.0883300006389617,0.2354314178228378,0.1471014171838761,medium,low,no,lower
0.0003000000142492,0.0356040857732296,0.0353040857589804,low,low,yes,same
0.0088499998673796,0.018449492752552,0.009599492885172402,low,low,yes,same
0.1079699993133544,0.0930295810103416,0.014940418303012792,low,medium,no,higher
0.0422899983823299,0.007240290287882,0.0350497080944479,low,low,yes,same
0.8537600040435791,0.2657020688056946,0.5880579352378845,medium,high,no,higher
0.0001400000037392,0.0007934636669233,0.0006534636631841,low,low,yes,same
0.3610999882221222,0.372641384601593,0.011541396379470825,medium,medium,yes,same
0.7954099774360657,0.5794000625610352,0.21600991487503052,medium,high,no,higher
0.8232899904251099,0.0710112005472183,0.7522787898778915,low,high,no,higher
0.0002500000118743,0.0690085142850875,0.06875851427321321,low,low,yes,same
0.0006300000241026,0.0007271174690686,9.7117444966e-05,low,low,yes,same
0.0005000000237487,0.0002765222743619,0.00022347774938679993,low,low,yes,same
0.0117899999022483,0.0580128356814384,0.0462228357791901,low,low,yes,same
0.0003900000010617,0.0037472003605216,0.0033572003594599,low,low,yes,same
0.0004299999854993,0.0004820527683477,5.2052782848400006e-05,low,low,yes,same
0.0020500000100582,0.0020466791465878,3.3208634704000144e-06,low,low,yes,same
0.0004299999854993,0.0022226094733923,0.0017926094878930002,low,low,yes,same
0.0102099999785423,0.009428204037249,0.0007817959412933003,low,low,yes,same
0.0005499999970197,0.0055365664884448,0.0049865664914251,low,low,yes,same
0.0004299999854993,0.0001890287385322,0.0002409712469671,low,low,yes,same
0.0003499999875202,0.0020467648282647,0.0016967648407445,low,low,yes,same
0.0003600000054575,0.0016653141938149,0.0013053141883574001,low,low,yes,same
0.0009100000024773,0.0018880834104493,0.000978083407972,low,low,yes,same
0.0039099999703466,0.0773382857441902,0.0734282857738436,low,low,yes,same
0.0004199999966658,0.0269578825682401,0.0265378825715743,low,low,yes,same
0.0039099999703466,0.0031076667364686,0.000802333233878,low,low,yes,same
0.928629994392395,0.9214288592338562,0.007201135158538818,high,high,yes,same
0.0019099999917671,0.0007520874496549,0.0011579125421121998,low,low,yes,same
0.2291699945926666,0.5858871340751648,0.35671713948249817,medium,medium,yes,same
0.000560000014957,0.1413550525903701,0.14079505257541308,medium,low,no,lower
0.0003699999942909,0.0314268991351127,0.0310568991408218,low,low,yes,same
0.0005000000237487,0.0009497327846474,0.00044973276089870005,low,low,yes,same
0.1456699967384338,0.1371264457702636,0.008543550968170222,medium,medium,yes,same
0.0003000000142492,0.000825936847832,0.0005259368335828001,low,low,yes,same
0.0883300006389617,0.1556913554668426,0.0673613548278809,medium,low,no,lower
0.0117800002917647,0.0143193798139691,0.002539379522204401,low,low,yes,same
0.585070013999939,0.4120640158653259,0.17300599813461304,medium,medium,yes,same
0.0002300000051036,0.0027292168233543,0.0024992168182507,low,low,yes,same
0.0004199999966658,0.0009608644759282,0.0005408644792624,low,low,yes,same
0.9436600208282472,0.9524147510528564,0.008754730224609264,high,high,yes,same
0.9747999906539916,0.914150893688202,0.06064909696578957,high,high,yes,same
0.0004299999854993,0.0017325824592262,0.0013025824737269,low,low,yes,same
0.0006999999750405,0.0416525602340698,0.040952560259029304,low,low,yes,same
0.0007500000065192,0.0671682804822921,0.0664182804757729,low,low,yes,same
0.00044999999227,0.0081821959465742,0.007732195954304201,low,low,yes,same
0.0133899999782443,0.0177911613136529,0.004401161335408599,low,low,yes,same
0.0256900005042552,0.0122686633840203,0.0134213371202349,low,low,yes,same
0.0003800000122282,0.0387659296393394,0.038385929627111195,low,low,yes,same
0.0009100000024773,0.0014718425227329,0.0005618425202556,low,low,yes,same
0.0003800000122282,0.0018410717602819,0.0014610717480537001,low,low,yes,same
0.0103599997237324,0.0101161729544401,0.0002438267692923008,low,low,yes,same
0.0018400000408291,0.0017031772295013,0.00013682281132779985,low,low,yes,same
0.0014600000577047,0.0445255786180496,0.0430655785603449,low,low,yes,same
0.0004299999854993,0.0021659166086465,0.0017359166231472,low,low,yes,same
0.0455100014805793,0.0615796521306037,0.0160696506500244,low,low,yes,same
0.0272199995815753,0.0043604024685919,0.0228595971129834,low,low,yes,same
0.0002500000118743,0.0020262780599296,0.0017762780480553002,low,low,yes,same
0.0417499989271163,0.0087584313005208,0.0329915676265955,low,low,yes,same
0.0003000000142492,0.0020638529676944,0.0017638529534452,low,low,yes,same
0.0007500000065192,0.0344019047915935,0.0336519047850743,low,low,yes,same
0.8487799763679504,0.9041897058486938,0.05540972948074341,high,high,yes,same
0.017009999603033,0.0171586945652961,0.00014869496226310036,low,low,yes,same
0.9441800117492676,0.7971299290657043,0.14705008268356323,high,high,yes,same
0.00044999999227,0.0009392022620886,0.0004892022698186,low,low,yes,same
0.0003900000010617,0.0005131656653247,0.00012316566426299997,low,low,yes,same
0.00044999999227,0.0030086294282227,0.0025586294359527,low,low,yes,same
0.0007699999841861,0.0016135820187628,0.0008435820345767001,low,low,yes,same
0.008899999782443,0.1035633087158203,0.0946633089333773,medium,low,no,lower
0.0008900000248104,0.0002506702730897,0.0006393297517207,low,low,yes,same
0.0013699999544769,0.0054514952935278,0.004081495339050899,low,low,yes,same
0.0469800010323524,0.0526963323354721,0.005716331303119701,low,low,yes,same
0.0004299999854993,0.0001136459759436,0.0003163540095557,low,low,yes,same
0.0002200000017182,0.007605898194015,0.0073858981922968,low,low,yes,same
0.0250799991190433,0.7481527328491211,0.7230727337300777,high,low,no,lower
0.0028999999631196,0.0053637437522411,0.0024637437891215,low,low,yes,same
0.0002500000118743,0.0052408371120691,0.004990837100194799,low,low,yes,same
0.005719999782741,0.0049541499465703,0.0007658498361707003,low,low,yes,same
0.0001100000008591,0.0023517254739999,0.0022417254731408,low,low,yes,same
0.9149500131607056,0.7250668406486511,0.18988317251205444,high,high,yes,same
0.0033799998927861,0.0040736612863838,0.0006936613935976995,low,low,yes,same
0.0007399999885819,0.0023456383496522,0.0016056383610703001,low,low,yes,same
0.0155899999663233,0.0597418397665023,0.044151839800179,low,low,yes,same
0.0005399999790824,0.0317859798669815,0.031245979887899098,low,low,yes,same
0.240799993276596,0.3756551444530487,0.1348551511764527,medium,medium,yes,same
0.0190999992191791,0.0453678406774997,0.0262678414583206,low,low,yes,same
0.0022599999792873,0.0175594352185726,0.0152994352392853,low,low,yes,same
0.2327599972486496,0.2369841337203979,0.0042241364717482965,medium,medium,yes,same
0.0005099999834783,0.0114004872739315,0.0108904872904532,low,low,yes,same
0.0670100003480911,0.0082998722791671,0.058710128068924,low,low,yes,same
0.0041600000113248,0.0134442849084734,0.009284284897148599,low,low,yes,same
0.0010600000387057,0.0035184831358492,0.0024584830971435,low,low,yes,same
0.9437400102615356,0.9465141892433168,0.002774178981781117,high,high,yes,same
0.0001199999969685,0.0034394632093608,0.0033194632123923003,low,low,yes,same
0.0204799994826316,0.0047804438509047,0.0156995556317269,low,low,yes,same
0.0024600001052021,0.0027556573040783,0.0002956571988762002,low,low,yes,same
0.0137099996209144,0.2801443636417389,0.2664343640208245,medium,low,no,lower
0.0005300000193528,0.5293082594871521,0.5287782594677993,medium,low,no,lower
0.9321699738502502,0.624657928943634,0.3075120449066162,medium,high,no,higher
0.9442700147628784,0.4625007212162018,0.48176929354667664,medium,high,no,higher
0.0011500000255182,0.0015363539569079,0.00038635393138970004,low,low,yes,same
0.0023600000422447,0.0022510245908051,0.00010897545143959998,low,low,yes,same
0.0095399999991059,0.0043318001553416,0.005208199843764301,low,low,yes,same
0.9441800117492676,0.943810224533081,0.00036978721618652344,high,high,yes,same
0.0022799998987466,0.0396770201623439,0.0373970202635973,low,low,yes,same
0.0220400001853704,0.0453678406774997,0.0233278404921293,low,low,yes,same
0.0004299999854993,0.0047150943428277,0.0042850943573284,low,low,yes,same
0.0004299999854993,0.0024496640544384,0.0020196640689390997,low,low,yes,same
0.5847100019454956,0.5997570157051086,0.015047013759613037,medium,medium,yes,same
0.0001800000027287,0.0619275420904159,0.0617475420876872,low,low,yes,same
0.0014400000218302,0.0007354214321821,0.0007045785896481001,low,low,yes,same
0.0001800000027287,0.00252639176324,0.0023463917605113,low,low,yes,same
0.00044999999227,0.0009167630341835,0.0004667630419135,low,low,yes,same
0.0004299999854993,0.0082796365022659,0.0078496365167666,low,low,yes,same
0.0015399999683722,0.0077524073421955,0.0062124073738233,low,low,yes,same
0.0004299999854993,0.0019268108299002,0.0014968108444009,low,low,yes,same
0.0088499998673796,0.0089990943670272,0.0001490944996476,low,low,yes,same
0.0255900006741285,0.0127879837527871,0.012802016921341402,low,low,yes,same
0.0005300000193528,0.0021138701122254,0.0015838700928725998,low,low,yes,same
0.0002899999963119,0.0001381943729938,0.0001518056233181,low,low,yes,same
0.0004299999854993,0.0010290330974385,0.0005990331119392,low,low,yes,same
0.0001400000037392,0.0010100179351866,0.0008700179314474001,low,low,yes,same
0.0027600000612437,0.0068364599719643,0.004076459910720601,low,low,yes,same
0.094879999756813,0.0905764028429985,0.004303596913814489,low,low,yes,same
0.0110799996182322,0.0020805210806429,0.0089994785375893,low,low,yes,same
0.0005699999746866,0.0006798538961447,0.00010985392145810007,low,low,yes,same
0.0004600000102072,0.5226306319236755,0.5221706319134684,medium,low,no,lower
0.0007399999885819,0.2095207273960113,0.2087807274074294,medium,low,no,lower
0.5723099708557129,0.5617935657501221,0.01051640510559082,medium,medium,yes,same
0.000159999995958,0.0005027570878155,0.0003427570918575001,low,low,yes,same
0.0055399998091161,0.0870099291205406,0.08146992931142451,low,low,yes,same
0.6215299963951111,0.6105053424835205,0.011024653911590576,medium,medium,yes,same
0.0001800000027287,0.0032384560909122,0.0030584560881834998,low,low,yes,same
0.0016199999954551,0.0016723272856324,5.2327290177299956e-05,low,low,yes,same
0.0375900007784366,0.2037145048379898,0.1661245040595532,medium,low,no,lower
0.0003000000142492,0.0090124532580375,0.008712453243788299,low,low,yes,same
0.0006399999838322,0.0023329574614763,0.0016929574776441,low,low,yes,same
0.0784000009298324,0.005952158011496,0.0724478429183364,low,low,yes,same
0.0009200000204145,0.0046506621874868,0.0037306621670723005,low,low,yes,same
0.0006000000284984,0.0766003653407096,0.0760003653122112,low,low,yes,same
0.0003100000030826,0.0114446086809039,0.0111346086778213,low,low,yes,same
0.0022799998987466,0.0396770201623439,0.0373970202635973,low,low,yes,same
0.0003399999986868,0.0018924024188891,0.0015524024202022999,low,low,yes,same
0.0023199999704957,0.0053000971674919,0.0029800971969962,low,low,yes,same
0.5723000168800354,0.566882312297821,0.0054177045822143555,medium,medium,yes,same
0.9436399936676024,0.076458528637886,0.8671814650297164,low,high,no,higher
0.0004199999966658,0.0020173322409391,0.0015973322442732999,low,low,yes,same
0.9411500096321106,0.8593372702598572,0.08181273937225342,high,high,yes,same
0.0029500001110136,0.0100053111091256,0.007055310998112,low,low,yes,same
0.0088499998673796,0.0080908322706818,0.0007591675966977986,low,low,yes,same
0.0004299999854993,0.0023774281144142,0.0019474281289149,low,low,yes,same
0.0002500000118743,0.0016808680957183,0.001430868083844,low,low,yes,same
0.0004299999854993,0.0035846517421305,0.0031546517566312,low,low,yes,same
0.0356200002133846,0.1104865670204162,0.0748665668070316,medium,low,no,lower
0.0003499999875202,0.0663581490516662,0.06600814906414601,low,low,yes,same
0.0005900000105611,0.0548685304820537,0.0542785304714926,low,low,yes,same
0.0377900004386901,0.0347254164516925,0.0030645839869976044,low,low,yes,same
0.0079300003126263,0.0015620690537616,0.006367931258864699,low,low,yes,same
0.0025700000114738,0.0068123592063784,0.0042423591949046005,low,low,yes,same
0.0154699999839067,0.0059748757630586,0.0094951242208481,low,low,yes,same
0.0088499998673796,0.0143887856975197,0.0055387858301401,low,low,yes,same
0.6723899841308594,0.6742660999298096,0.0018761157989501953,medium,medium,yes,same
0.0004299999854993,0.0017137904651463,0.001283790479647,low,low,yes,same
0.0004299999854993,0.0114499293267726,0.011019929341273299,low,low,yes,same
0.0088499998673796,0.0063952039927244,0.002454795874655199,low,low,yes,same
0.0025100000202655,0.0062542324885725,0.0037442324683070005,low,low,yes,same
0.0004299999854993,0.0037088154349476,0.0032788154494483,low,low,yes,same
0.4979200065135956,0.2424117773771286,0.255508229136467,medium,medium,yes,same
0.000560000014957,0.0004577942017931,0.0001022058131639,low,low,yes,same
0.4362199902534485,0.5609455704689026,0.1247255802154541,medium,medium,yes,same
0.0088499998673796,0.024071155115962,0.015221155248582401,low,low,yes,same
0.0002800000074785,0.001986754592508,0.0017067545850295,low,low,yes,same
0.0088499998673796,0.0033563629258424,0.005493636941537199,low,low,yes,same
0.0001800000027287,0.0018583852797746,0.0016783852770458998,low,low,yes,same
0.0056199999526143,0.0057683601044118,0.00014836015179750008,low,low,yes,same
0.0034099998883903,0.0046975607983767,0.0012875609099863997,low,low,yes,same
0.011909999884665,0.0816979855298996,0.0697879856452346,low,low,yes,same
0.410180002450943,0.4837560057640075,0.07357600331306452,medium,medium,yes,same
0.0009699999936856,0.0249845068901777,0.0240145068964921,low,low,yes,same
0.0006300000241026,0.0009994526626542,0.0003694526385516,low,low,yes,same
0.0146300001069903,0.0142865860834717,0.00034341402351859875,low,low,yes,same
0.0015000000130385,0.000434340792708,0.0010656592203305,low,low,yes,same
0.0001800000027287,0.0008448025910183,0.0006648025882896,low,low,yes,same
0.0069900001399219,0.0057075060904026,0.0012824940495193005,low,low,yes,same
0.0004299999854993,0.0003960430913139,3.395689418539996e-05,low,low,yes,same
0.0004199999966658,0.0007134063635021,0.0002934063668363,low,low,yes,same
0.0005900000105611,0.0006757252849638,8.572527440270004e-05,low,low,yes,same
0.0073799998499453,0.0175594352185726,0.0101794353686273,low,low,yes,same
0.0060399998910725,0.0036711641587316,0.0023688357323409003,low,low,yes,same
0.0004199999966658,0.0005054717184975,8.547172183169993e-05,low,low,yes,same
0.0004400000034365,0.0002930773480329,0.0001469226554036,low,low,yes,same
0.2048700004816055,0.1422275155782699,0.0626424849033356,medium,medium,yes,same
0.0088499998673796,0.0005117147229611,0.008338285144418499,low,low,yes,same
0.0417499989271163,0.0087584313005208,0.0329915676265955,low,low,yes,same
0.5475299954414368,0.2127820551395416,0.33474794030189514,medium,medium,yes,same
0.0028099999763071,0.0025377401616424,0.0002722598146646998,low,low,yes,same
0.0004299999854993,0.0150455115363001,0.0146155115508008,low,low,yes,same
0.0004400000034365,0.016688959673047,0.0162489596696105,low,low,yes,same
0.0375900007784366,0.2037146240472793,0.1661246232688427,medium,low,no,lower
0.0001800000027287,0.0026903001125901,0.0025103001098614,low,low,yes,same
0.0005499999970197,0.0020264207851141,0.0014764207880944,low,low,yes,same
0.000239999993937,5.325428446667502e-06,0.0002346745654903325,low,low,yes,same
0.0131799997761845,0.0096770916134119,0.0035029081627726,low,low,yes,same
0.9539499878883362,0.9531994462013244,0.0007505416870118298,high,high,yes,same
0.0009299999801442,0.0045281308703124,0.0035981308901682,low,low,yes,same
0.0001900000061141,0.0004809232777915,0.0002909232716774,low,low,yes,same
0.1023999974131584,0.0570362880825996,0.045363709330558805,low,medium,no,higher
0.0054700002074241,0.0006378581165336,0.004832142090890499,low,low,yes,same
0.0008099999977275,0.0023212579544633,0.0015112579567357998,low,low,yes,same
0.0630400031805038,0.1088781282305717,0.0458381250500679,medium,low,no,lower
0.0014799999771639,0.19282828271389,0.1913482827367261,medium,low,no,lower
0.0433200001716613,0.0490357428789138,0.0057157427072525024,low,low,yes,same
0.000560000014957,0.0583711266517639,0.0578111266368069,low,low,yes,same
0.0004299999854993,0.0009921110467985,0.0005621110612992,low,low,yes,same
0.0007699999841861,0.0013663196004927,0.0005963196163066,low,low,yes,same
0.0004299999854993,0.01275728456676,0.0123272845812607,low,low,yes,same
0.0003900000010617,0.0017701429314911,0.0013801429304294,low,low,yes,same
0.0027399999089539,0.0053892531432211,0.0026492532342672,low,low,yes,same
0.0022799998987466,0.0127509795129299,0.0104709796141833,low,low,yes,same
0.5271599888801575,0.5386523008346558,0.011492311954498291,medium,medium,yes,same
0.0513099990785121,0.0518134795129299,0.0005034804344178009,low,low,yes,same
0.00044999999227,0.0016154890181496,0.0011654890258796,low,low,yes,same
0.001120000029914,0.0054393704049289,0.0043193703750149005,low,low,yes,same
0.6237099766731262,0.0793407708406448,0.5443692058324814,low,medium,no,higher
0.0121600003913044,0.0058740167878568,0.006285983603447599,low,low,yes,same
0.680180013179779,0.6671402454376221,0.013039767742156982,medium,medium,yes,same
0.008390000090003,0.0025872776750475,0.0058027224149555,low,low,yes,same
0.0001800000027287,4.027038448839448e-05,0.00013972961824030552,low,low,yes,same
0.0001800000027287,0.0012380164116621,0.0010580164089334,low,low,yes,same
0.0876300036907196,0.5702946186065674,0.4826646149158478,medium,low,no,lower
0.0003000000142492,0.0017785219242796,0.0014785219100304,low,low,yes,same
0.0004299999854993,0.0004615776997525,3.1577714253200014e-05,low,low,yes,same
0.0007600000244565,0.0010367818176746,0.00027678179321809996,low,low,yes,same
0.0002800000074785,7.060021016513929e-05,0.0002093997973133607,low,low,yes,same
0.0004299999854993,0.0475059449672699,0.0470759449817706,low,low,yes,same
0.0041499999351799,0.0051941680721938,0.0010441681370139,low,low,yes,same
0.0023199999704957,0.00384555850178,0.0015255585312843002,low,low,yes,same
0.9260200262069702,0.9386220574378968,0.012602031230926625,high,high,yes,same
0.0004299999854993,0.0047287284396588,0.0042987284541595,low,low,yes,same
0.0002099999983329,0.0031484940554946,0.0029384940571617,low,low,yes,same
0.1164899989962577,0.1893191933631897,0.072829194366932,medium,medium,yes,same
0.0002600000007078,0.0026354475412517,0.0023754475405439,low,low,yes,same
0.0005300000193528,0.0029115565121173,0.0023815564927645,low,low,yes,same
0.0088499998673796,0.0025229512248188,0.0063270486425608,low,low,yes,same
0.9415000081062316,0.9516640901565552,0.010164082050323597,high,high,yes,same
0.0088499998673796,0.0074734683148562,0.0013765315525233997,low,low,yes,same
0.0173599999397993,0.006837033201009,0.010522966738790298,low,low,yes,same
0.0490599982440471,0.0430895611643791,0.005970437079668003,low,low,yes,same
0.0376800000667572,0.016882125288248,0.020797874778509202,low,low,yes,same
0.0244600009173154,0.0310794245451688,0.0066194236278534005,low,low,yes,same
0.0010900000343099,0.0051635042764246,0.0040735042421147,low,low,yes,same
0.0003499999875202,0.0059202751144766,0.0055702751269564,low,low,yes,same
0.5241000056266785,0.3411101996898651,0.18298980593681335,medium,medium,yes,same
0.0263400003314018,0.0024003477301448,0.023939652601257,low,low,yes,same
0.0003900000010617,0.0027937532868236,0.0024037532857619,low,low,yes,same
0.0362400002777576,0.3035782277584076,0.26733822748065,medium,low,no,lower
0.4220100045204162,0.2167326062917709,0.2052773982286453,medium,medium,yes,same
0.1507599949836731,0.1547508835792541,0.003990888595580999,medium,medium,yes,same
0.0038600000552833,0.1019852980971336,0.0981252980418503,medium,low,no,lower
0.0088499998673796,0.0678230971097946,0.05897309724241501,low,low,yes,same
0.0003100000030826,0.0014555437956005,0.0011455437925179,low,low,yes,same
0.0016499999910593,0.0145723102614283,0.012922310270369,low,low,yes,same
0.0004299999854993,0.0051471721380949,0.004717172152595601,low,low,yes,same
0.0019099999917671,0.002739448333159,0.0008294483413919002,low,low,yes,same
0.9299799799919128,0.8984031081199646,0.03157687187194824,high,high,yes,same
0.6938199996948242,0.0009324787533842,0.69288752094144,low,medium,no,higher
0.0034399998839944,0.0039978581480681,0.0005578582640737005,low,low,yes,same
0.0004299999854993,0.0025092533323913,0.002079253346892,low,low,yes,same
0.0004299999854993,0.0010976394405588,0.0006676394550595001,low,low,yes,same
0.0007399999885819,0.0023641944862902,0.0016241944977083,low,low,yes,same
0.0003800000122282,0.0593995116651058,0.059019511652877596,low,low,yes,same
0.0025700000114738,0.0635496377944946,0.060979637783020804,low,low,yes,same
0.925570011138916,0.9295379519462584,0.003967940807342418,high,high,yes,same
0.000239999993937,0.0028826689813286,0.0026426689873916003,low,low,yes,same
0.0051000001840293,0.0014912026235833,0.003608797560446,low,low,yes,same
0.0004299999854993,0.0073320739902555,0.0069020740047562,low,low,yes,same
0.0003800000122282,0.0050782803446054,0.0046982803323771995,low,low,yes,same
0.9692400097846984,0.9824348092079164,0.013194799423217995,high,high,yes,same
0.9447399973869324,0.9458699822425842,0.0011299848556518555,high,high,yes,same
0.0031900000758469,0.0045907855965197,0.0014007855206727999,low,low,yes,same
0.5725299715995789,0.6006689071655273,0.028138935565948486,medium,medium,yes,same
0.922659993171692,0.9236477613449096,0.0009877681732175514,high,high,yes,same
0.7889099717140198,0.0118543822318315,0.7770555894821882,low,high,no,higher
0.304390013217926,0.1676645576953888,0.13672545552253723,medium,medium,yes,same
0.1370500028133392,0.4829661846160888,0.34591618180274963,medium,medium,yes,same
0.0001699999993434,0.0192216746509075,0.0190516746515641,low,low,yes,same
0.0114700002595782,0.3210992813110351,0.30962928105145693,medium,low,no,lower
0.0013500000350177,0.0008028536685742,0.0005471463664435,low,low,yes,same
0.0002600000007078,0.0001765011111274,8.34988895804e-05,low,low,yes,same
0.0094999996945261,0.0035239141434431,0.005976085551083,low,low,yes,same
0.0013899999903514,0.011482048779726,0.010092048789374601,low,low,yes,same
0.8540700078010559,0.8584383726119995,0.0043683648109436035,high,high,yes,same
0.9446099996566772,0.6718024015426636,0.27280759811401367,medium,high,no,higher
0.0004799999878741,0.0042175482958555,0.0037375483079813998,low,low,yes,same
0.0001400000037392,0.0049646897241473,0.0048246897204080996,low,low,yes,same
0.1632699966430664,0.0692659541964531,0.09400404244661331,low,medium,no,higher
0.0001800000027287,0.0032384572550654,0.0030584572523367,low,low,yes,same
0.9448500275611876,0.9624291062355042,0.017579078674316517,high,high,yes,same
0.0263400003314018,0.0024003477301448,0.023939652601257,low,low,yes,same
0.0088499998673796,0.0090553713962435,0.00020537152886389992,low,low,yes,same
0.9088600277900696,0.7753597497940063,0.13350027799606323,high,high,yes,same
0.0005499999970197,0.048729196190834,0.0481791961938143,low,low,yes,same
0.1532499939203262,0.0946297273039817,0.05862026661634451,low,medium,no,higher
0.0015399999683722,0.015189740806818,0.0136497408384458,low,low,yes,same
0.7550600171089172,0.3498601019382477,0.40519991517066956,medium,high,no,higher
7.999999797903001e-05,0.0016071200370788,0.00152712003909977,low,low,yes,same
0.0007699999841861,0.0005589224747382,0.00021107750944789993,low,low,yes,same
0.1946399956941604,0.3633642494678497,0.16872425377368927,medium,medium,yes,same
0.0031200000084936,0.0112492954358458,0.0081292954273522,low,low,yes,same
0.00044999999227,0.0006839946727268,0.00023399468045679997,low,low,yes,same
0.0004299999854993,0.0017860424704849,0.0013560424849856,low,low,yes,same
0.00044999999227,0.0071366135962307,0.0066866136039607,low,low,yes,same
0.7304499745368958,0.7402440309524536,0.009794056415557861,high,high,yes,same
0.0019499999471008,0.0026556700468063,0.0007056700997055,low,low,yes,same
0.0004299999854993,0.0004679101693909,3.791018389160002e-05,low,low,yes,same
