actual,predicted
0.022619999945163727,0.0889911875128746
0.00026000000070780516,0.001574998488649726
0.830269992351532,0.12427857518196106
0.0017000000225380063,0.016820333898067474
0.0004299999854993075,0.000911853217985481
0.0004299999854993075,0.0008600229630246758
0.35054999589920044,0.3309994339942932
0.001979999942705035,0.36801043152809143
0.0004299999854993075,0.0018539972370490432
0.0004299999854993075,0.002885102527216077
0.008849999867379665,0.009690421633422375
0.13705000281333923,0.3279026746749878
0.04324999824166298,0.04411683604121208
0.011359999887645245,0.09828424453735352
0.0036299999337643385,0.00521725183352828
0.01360000018030405,0.01718294806778431
0.0004299999854993075,0.0035439934581518173
0.0006099999882280827,0.0009031399968080223
0.0001500000071246177,0.013882037252187729
0.1973699927330017,0.3279026746749878
0.00535999983549118,0.007364427205175161
0.0004299999854993075,0.008484813384711742
0.0036899999249726534,0.04504235461354256
0.003530000103637576,0.0020076853688806295
0.15324999392032623,0.9424217343330383
0.0002099999983329326,0.0889911875128746
0.001879999996162951,0.017707444727420807
0.0013000000035390258,0.28379228711128235
0.34540998935699463,0.34470146894454956
0.0004299999854993075,0.09818930178880692
0.0002099999983329326,0.01718294806778431
0.17204999923706055,0.0889911875128746
0.0003100000030826777,0.02927381917834282
0.02631000056862831,0.037196703255176544
0.00018000000272877514,0.002358633792027831
0.0004299999854993075,0.31009599566459656
0.0014799999771639705,0.011571056209504604
0.0002300000051036477,0.37439289689064026
9.000000136438757e-05,0.0036229451652616262
0.00019999999494757503,0.0019362015882506967
0.0011899999808520079,0.004616015590727329
0.0004299999854993075,0.005834581330418587
0.0004299999854993075,0.0044531249441206455
0.0003000000142492354,0.007203738670796156
0.0004299999854993075,0.0019619816448539495
0.000750000006519258,0.007535695564001799
0.0004299999854993075,0.002244589850306511
0.005410000216215849,0.008294794708490372
0.00016999999934341758,0.0060195233672857285
0.0002800000074785203,0.0007341459859162569
0.0028200000524520874,0.13902267813682556
0.048089999705553055,0.030996767804026604
0.037790000438690186,0.03902854397892952
0.9094899892807007,0.9123048186302185
0.0009500000160187483,0.006801501847803593
0.016179999336600304,0.02846132405102253
0.000699999975040555,0.008709988556802273
7.999999797903001e-05,0.004230452701449394
0.0004299999854993075,0.0008479938842356205
0.0004299999854993075,0.0010824553901329637
0.0004299999854993075,0.0022324465680867434
0.18328000605106354,0.1826680302619934
0.9345300197601318,0.43258821964263916
0.00044999999227002263,3.414967795833945e-05
0.001970000099390745,0.006516606546938419
0.0778300017118454,0.04399105906486511
0.20521999895572662,0.20656894147396088
0.0005300000193528831,0.0024799907114356756
0.005539999809116125,0.30899810791015625
0.0003499999875202775,0.0060195233672857285
0.16155000030994415,0.010630517266690731
0.3338100016117096,0.33146432042121887
0.0005000000237487257,0.0889911875128746
0.010049999691545963,0.010155627503991127
0.0007699999841861427,0.0033386293798685074
0.0004600000102072954,0.0013684284640476108
0.0008200000156648457,0.001176360878162086
0.005239999853074551,0.3004239797592163
0.009499999694526196,0.003565483959391713
0.00039999998989515007,0.3309994339942932
0.00039999998989515007,0.050729554146528244
0.0004299999854993075,0.001769263413734734
0.000910000002477318,0.002352949697524309
0.0040699997916817665,0.0039304569363594055
0.0013899999903514981,0.005010633729398251
0.0002300000051036477,0.002832275116816163
0.0012600000482052565,0.3309994339942932
0.0011399999493733048,0.0028788449708372355
0.9439799785614014,0.1675751954317093
0.0028200000524520874,0.13902267813682556
0.9373000264167786,0.9326854348182678
0.00033000000985339284,0.2517063319683075
0.0001900000061141327,0.0005848541622981429
0.029410000890493393,0.01718294806778431
0.9333400130271912,0.48586130142211914
0.004530000034719706,0.0005851474707014859
0.008849999867379665,0.08341583609580994
0.0007699999841861427,0.002294534118846059
0.0005300000193528831,0.0029525200370699167
0.05618000030517578,0.04312659427523613
0.036240000277757645,0.021648019552230835
0.004650000017136335,0.003124861977994442
0.00016999999934341758,0.0756198838353157
0.008849999867379665,0.00628645159304142
0.005539999809116125,0.30899810791015625
0.008849999867379665,0.009449933655560017
0.0019600000232458115,0.0007814536220394075
0.0004299999854993075,0.12722764909267426
0.0005000000237487257,0.04493841901421547
0.0013000000035390258,0.0033075849059969187
0.9444100260734558,0.9444652199745178
0.0020800000056624413,0.005413540173321962
0.008779999800026417,0.0044449069537222385
0.029410000890493393,0.01718294806778431
0.0005200000014156103,0.0025376894045621157
0.0035099999513477087,0.001734408549964428
5.999999848427251e-05,0.0006507749785669148
0.9659900069236755,0.9638570547103882
0.0002500000118743628,0.0017455634661018848
0.0003699999942909926,0.00793956033885479
0.6215299963951111,0.6050066947937012
0.0004299999854993075,0.0029451039154082537
0.010180000215768814,0.01638842187821865
0.9444400072097778,0.15477827191352844
0.01131999958306551,0.010638759471476078
0.002529999939724803,0.00508134113624692
0.9388399720191956,0.9398159980773926
0.0004299999854993075,0.0013841524487361312
0.9738500118255615,0.9516128301620483
0.9734500050544739,0.7695269584655762
0.0005099999834783375,0.0005981033318676054
0.0003600000054575503,0.0016355874249711633
0.6486799716949463,0.1417534053325653
0.969980001449585,0.9678992033004761
0.7681499719619751,0.7659755349159241
0.0004299999854993075,0.0005462871049530804
0.0471699982881546,0.06402015686035156
0.0004199999966658652,0.002748961793258786
0.008849999867379665,0.013213598169386387
0.0011099999537691474,0.002358633792027831
0.0003499999875202775,0.001971409423276782
0.46208998560905457,0.464651495218277
0.0005000000237487257,0.00043691752944141626
0.0004299999854993075,0.0018839784897863865
0.0004299999854993075,0.003226666944101453
0.022520000115036964,0.012826506979763508
0.00039000000106170774,0.004094220697879791
0.0004299999854993075,0.0023482285905629396
0.9627699851989746,0.4213760495185852
0.1307400017976761,0.28379228711128235
0.0004299999854993075,0.004867793992161751
0.0009699999936856329,0.004170095548033714
0.0016899999463930726,0.0020065647549927235
0.8726800084114075,0.45861828327178955
0.925059974193573,0.9200361371040344
0.00023999999393709004,0.0035442207008600235
0.00033000000985339284,0.01150231808423996
0.8811299800872803,0.8721181750297546
0.00018000000272877514,0.002358633792027831
0.0008200000156648457,0.0021565165370702744
0.00011999999696854502,0.00518082594498992
0.0014600000577047467,0.06572598218917847
0.6755399703979492,0.6448961496353149
0.0004299999854993075,0.0015109335072338581
0.0005000000237487257,0.001067978679202497
0.0002800000074785203,0.001461935811676085
0.00041000000783242285,0.3309994339942932
0.000910000002477318,0.002720251679420471
0.0005300000193528831,0.0028054534923285246
0.00044999999227002263,0.0004139308293815702
0.0002800000074785203,0.003962034825235605
0.0028299998957663774,0.004699237644672394
0.9442300200462341,0.7296683192253113
0.0009800000116229057,0.002527910051867366
0.0004299999854993075,0.00026728014927357435
0.006049999967217445,0.002198821632191539
0.00013000000035390258,0.4450216293334961
0.012729999609291553,0.0059182546101510525
0.001180000021122396,0.0016879071481525898
0.0005099999834783375,0.0011143628507852554
0.007890000008046627,0.00024767190916463733
0.0026000000070780516,0.30899810791015625
0.008849999867379665,0.008917606435716152
0.00044999999227002263,0.0027630762197077274
0.0004299999854993075,0.0017151705687865615
0.6849499940872192,0.010328172706067562
0.005119999870657921,0.017707444727420807
0.0012100000167265534,0.000567423296160996
0.01107999961823225,0.031871747225522995
0.0009800000116229057,0.0006487039499916136
0.002950000111013651,0.0035668835043907166
0.9377800226211548,0.3309994339942932
0.0013000000035390258,0.002235580002889037
0.004089999943971634,0.005871806293725967
0.0004299999854993075,0.002204889664426446
0.020589999854564667,0.0889911875128746
0.0003100000030826777,0.001645364798605442
9.999999747378752e-05,0.0030772811733186245
0.0005499999970197678,0.0022959918715059757
0.6071599721908569,0.6101689338684082
0.0004299999854993075,0.27414843440055847
0.00033000000985339284,0.01150231808423996
0.0033100000582635403,0.003105470910668373
0.0006699999794363976,0.005094302352517843
0.0004299999854993075,0.004088493064045906
0.028750000521540642,0.33038488030433655
0.003860000055283308,0.30899810791015625
0.0007699999841861427,0.002798122353851795
0.0005099999834783375,0.006480328738689423
0.019460000097751617,0.017912520095705986
0.0002899999963119626,0.00510756392031908
0.00019999999494757503,0.001395875820890069
0.3949599862098694,0.3004239797592163
0.5604599714279175,0.0028795991092920303
0.0006399999838322401,0.004262762144207954
0.000539999979082495,0.0025737760588526726
0.0004299999854993075,0.0035759692545980215
0.0007099999929778278,0.0023764828220009804
0.00018000000272877514,0.007574946619570255
0.08833000063896179,0.3309994339942932
0.32050999999046326,0.2517063319683075
0.0008399999933317304,0.0022144883405417204
0.010400000028312206,0.010584226809442043
0.0003000000142492354,0.0007314130780287087
0.00046999999904073775,0.0003157898609060794
0.0011099999537691474,0.004634484648704529
0.0033599999733269215,0.04930758476257324
0.0004299999854993075,0.005619948264211416
0.4530700147151947,0.6343677043914795
0.9376199841499329,0.7034184336662292
0.0010499999625608325,0.00549863837659359
0.0004299999854993075,0.001448488445021212
0.9442099928855896,0.18746039271354675
0.8924099802970886,0.5127047896385193
0.0010600000387057662,0.014434652402997017
0.0004299999854993075,0.016507672145962715
0.0012000000569969416,0.004876745864748955
0.025590000674128532,0.020144598558545113
0.006459999829530716,0.0032818347681313753
0.0006500000017695129,0.013832559809088707
0.0003100000030826777,0.04933406040072441
0.3892900049686432,0.3279026746749878
0.0013699999544769526,0.04550204798579216
0.011789999902248383,0.009837480261921883
0.0008699999889358878,0.0024206223897635937
0.9426400065422058,0.834054172039032
0.009499999694526196,0.0042288219556212425
0.006120000034570694,0.004724058322608471
0.9750800132751465,0.969231903553009
0.0006099999882280827,0.19437333941459656
0.0004299999854993075,0.002670349320396781
0.0006500000017695129,0.0008842995739541948
0.0004600000102072954,0.0018907197518274188
0.00044999999227002263,0.009191969409584999
0.20152999460697174,0.10742391645908356
0.9439499974250793,0.14439579844474792
0.00026000000070780516,0.007303299847990274
0.0004299999854993075,0.00021781610848847777
0.0013500000350177288,0.01299587357789278
0.9083300232887268,0.9092537760734558
0.0001500000071246177,0.010824763216078281
0.0028099999763071537,0.02121041528880596
0.0016299999551847577,0.009285692125558853
0.9217100143432617,0.8983247876167297
0.011780000291764736,0.009654159657657146
0.00953999999910593,0.014921244233846664
0.00016999999934341758,0.002358633792027831
0.002099999925121665,0.013309000059962273
0.0005499999970197678,0.05523093417286873
0.00046999999904073775,0.0017739960458129644
0.002240000059828162,0.004873914178460836
0.00016999999934341758,0.010895398445427418
0.003530000103637576,0.0020076853688806295
0.026340000331401825,0.030743805691599846
0.0003000000142492354,0.002548464108258486
0.0012600000482052565,0.005851808004081249
0.00044999999227002263,0.000462952972156927
0.0006399999838322401,0.0035434039309620857
0.08121000230312347,0.11670950800180435
0.0005499999970197678,0.003369040321558714
0.04185999929904938,0.03628741204738617
0.024299999698996544,0.024011986330151558
0.0004600000102072954,0.055673062801361084
0.0004299999854993075,0.0024093424435704947
0.024299999698996544,0.06016301363706589
0.0004400000034365803,0.002946482039988041
3.9999998989515007e-05,0.004251168109476566
0.0003800000122282654,0.0889911875128746
0.0004799999878741801,0.01854516752064228
0.00546000013127923,0.004835030063986778
0.6628000140190125,0.014969900250434875
0.0003000000142492354,0.0015074119437485933
0.0028200000524520874,0.13902267813682556
0.0011599999852478504,0.17659761011600494
0.011130000464618206,0.007611335255205631
0.00015999999595806003,0.0033476732205599546
0.003010000102221966,0.020017782226204872
0.655019998550415,0.10676050931215286
0.0004299999854993075,0.0012665349058806896
0.9656800031661987,0.9647059440612793
0.0002099999983329326,0.0013250508345663548
0.00014000000373926014,0.0060195233672857285
0.00022000000171829015,0.0033275808673352003
0.0006900000153109431,0.004757985472679138
0.0016599999507889152,0.0002469094470143318
0.0018899999558925629,0.004145542625337839
0.00018000000272877514,0.2612377107143402
0.000910000002477318,0.002823067829012871
0.0003000000142492354,0.0016901906346902251
0.9117500185966492,0.3309994339942932
0.0004299999854993075,0.39818209409713745
0.5475299954414368,0.09117057174444199
0.3681800067424774,0.3279026746749878
0.000750000006519258,0.008938676677644253
0.0005499999970197678,0.03494976833462715
0.8849300146102905,0.8902922868728638
0.037790000438690186,0.036024533212184906
0.0001900000061141327,0.004228271543979645
0.9439399838447571,0.7430902719497681
0.00039999998989515007,0.00477615837007761
0.0003800000122282654,0.0059182546101510525
0.000750000006519258,0.07561566680669785
0.0003000000142492354,0.002371604088693857
0.9331799745559692,0.1557934582233429
0.31498000025749207,0.24727317690849304
0.00559999980032444,0.8054191470146179
0.22916999459266663,0.2517063319683075
0.0272000003606081,0.0009189465781673789
0.036240000277757645,0.30899810791015625
0.01785999909043312,0.17488615214824677
0.011579999700188637,0.009794243611395359
0.0002099999983329326,0.0889911875128746
0.8190600275993347,0.8315668106079102
0.9445499777793884,0.9452790021896362
0.008849999867379665,0.007435512728989124
0.0004299999854993075,0.0016719787381589413
0.0014400000218302011,0.06731406599283218
0.0007699999841861427,0.0038077919743955135
0.8854699730873108,0.8697472810745239
0.8872900009155273,0.3389844298362732
0.9588500261306763,0.9765872359275818
0.0004299999854993075,0.0057119810953736305
0.01785999909043312,0.1867702156305313
0.00039000000106170774,0.002358633792027831
0.0003000000142492354,0.0009868385968729854
0.0002800000074785203,0.0004628688911907375
0.001129999989643693,0.05467978119850159
0.016499999910593033,0.001799643156118691
0.0006799999973736703,0.005245761945843697
0.7891299724578857,0.800881564617157
0.010359999723732471,0.02209216170012951
0.0005000000237487257,0.0033699418418109417
0.00018000000272877514,0.0012875802349299192
0.9433199763298035,0.2517063319683075
0.8322799801826477,0.004808010999113321
0.036240000277757645,0.03159957379102707
0.0028200000524520874,0.13902267813682556
0.9443600177764893,0.9460356831550598
0.010359999723732471,0.034514814615249634
0.0011500000255182385,0.003608931787312031
0.0005300000193528831,0.0009190320852212608
0.002460000105202198,0.0020076853688806295
0.008139999583363533,0.2517063319683075
0.0004299999854993075,0.004864731803536415
0.002099999925121665,0.3309994339942932
0.04918000102043152,0.18460853397846222
0.0013899999903514981,0.07541374862194061
0.0007399999885819852,0.011174800805747509
0.9436500072479248,0.9455728530883789
0.01155999954789877,0.01131588127464056
0.9436600208282471,0.9161603450775146
0.0004299999854993075,0.012052910402417183
0.0009800000116229057,0.1621527373790741
0.9439799785614014,0.9446048736572266
0.003530000103637576,0.0025491041596978903
0.0003800000122282654,0.004896143451333046
0.02198999933898449,0.008774093352258205
0.004879999905824661,0.8054191470146179
0.00039999998989515007,0.3309994339942932
0.008849999867379665,0.0034893336705863476
0.32050999999046326,0.2517063319683075
0.0015899999998509884,0.0024809876922518015
0.0033400000538676977,0.015169910155236721
0.0012700000079348683,0.00074319529812783
0.00018000000272877514,0.004945212043821812
0.0010499999625608325,0.0035093531478196383
0.0004299999854993075,0.0009751659817993641
0.0009800000116229057,0.002358633792027831
0.0005499999970197678,0.03933711722493172
0.0006900000153109431,0.0022520069032907486
0.036240000277757645,0.30899810791015625
0.13705000281333923,0.3279026746749878
0.0012000000569969416,0.0011593671515583992
0.00039000000106170774,0.0020807001274079084
0.0025100000202655792,0.0021868422627449036
0.0009399999980814755,0.0032007943373173475
0.03336000069975853,0.06243155151605606
0.0006799999973736703,0.001882389304228127
0.8752599954605103,0.27742671966552734
0.06902000308036804,0.12779353559017181
0.00044999999227002263,0.0033133183605968952
0.00011999999696854502,0.00518082594498992
0.9441800117492676,0.9453151822090149
0.08191999793052673,0.6015850305557251
0.0009299999801442027,0.011116917245090008
0.039319999516010284,0.008213646709918976
0.0005499999970197678,0.0025768233463168144
0.02686000056564808,0.1247224286198616
0.016119999811053276,0.133778378367424
0.00039999998989515007,0.0704871118068695
0.002460000105202198,0.003264076542109251
0.0012700000079348683,0.28379228711128235
0.0007699999841861427,0.003596306312829256
0.0005300000193528831,0.026444651186466217
0.0004299999854993075,0.0023429282009601593
0.0007399999885819852,0.0009991370607167482
0.0004299999854993075,0.026125507429242134
0.0004299999854993075,0.0030268088448792696
0.0024800000246614218,0.005308393854647875
0.8983200192451477,0.6008129119873047
0.01319000031799078,0.01580970175564289
0.0009299999801442027,0.0003209952265024185
0.05651000142097473,0.012978379614651203
0.0004299999854993075,0.30899810791015625
0.0007099999929778278,0.0047767022624611855
0.00011000000085914508,0.0045238337479531765
0.00018000000272877514,0.001923570060171187
0.0004299999854993075,0.002305271103978157
0.01054999977350235,0.006549336947500706
0.0004400000034365803,0.009597877971827984
0.10835999995470047,0.030942419543862343
0.008849999867379665,0.004082819446921349
0.00026000000070780516,0.0001871967251645401
0.3834100067615509,0.38787224888801575
0.0020200000144541264,0.13902267813682556
0.8109999895095825,0.8138574957847595
0.001879999996162951,0.017707444727420807
0.0014700000174343586,0.00816678162664175
0.0012100000167265534,0.002840865170583129
0.925570011138916,0.9300920367240906
0.5176200270652771,0.5201590061187744
0.9117500185966492,0.8556267023086548
0.0004299999854993075,0.019971884787082672
0.0008099999977275729,0.0009247004636563361
0.0008800000068731606,0.001328081707470119
0.0004799999878741801,0.00040938539314083755
0.01795000024139881,0.007569396402686834
0.0004299999854993075,0.00254253507591784
0.30807000398635864,0.17125174403190613
0.0009299999801442027,0.0043626888655126095
0.0028899998869746923,0.004724064841866493
0.0008299999753944576,0.013134040869772434
0.010359999723732471,0.033864762634038925
0.9222300052642822,0.909271240234375
0.00018000000272877514,0.01681133732199669
0.00039999998989515007,0.0008975167875178158
0.0008999999845400453,0.001029857899993658
0.001509999972768128,0.001030427636578679
0.9092299938201904,0.3309994339942932
0.01360000018030405,0.01718294806778431
0.006219999864697456,0.017707444727420807
0.007290000095963478,0.005631217733025551
0.0004299999854993075,0.0015325987478718162
0.011830000206828117,0.003138970583677292
0.34551000595092773,0.30414777994155884
0.0040699997916817665,0.13902267813682556
0.0003000000142492354,0.0007328748470172286
0.0008800000068731606,0.4185851514339447
0.410180002450943,0.4701744616031647
0.0005799999926239252,0.003576886374503374
0.0002500000118743628,0.0889911875128746
0.004399999976158142,0.043238069862127304
0.8714600205421448,0.8757542371749878
0.17541000247001648,0.011630527675151825
0.0004400000034365803,0.13902267813682556
0.0005200000014156103,0.5514337420463562
0.9441199898719788,0.9450638890266418
0.008849999867379665,0.012973842211067677
9.000000136438757e-05,0.0025977101176977158
0.0005200000014156103,0.0009576675365678966
0.011830000206828117,0.011851411312818527
0.0014100000262260437,0.0009239034843631089
0.0003000000142492354,0.008669905364513397
0.08833000063896179,0.10027172416448593
0.0004400000034365803,0.004341169726103544
0.0030700000934302807,0.020017782226204872
0.008209999650716782,0.007741110399365425
0.09239999949932098,0.17206482589244843
0.0004299999854993075,0.004948718473315239
0.9427400231361389,0.9445906281471252
0.672540009021759,0.006447620689868927
0.002420000033453107,0.00829959288239479
0.015370000153779984,0.042756903916597366
0.07840000092983246,0.2517063319683075
0.0003000000142492354,0.0021582383196800947
0.00044999999227002263,0.0023009933065623045
0.9433199763298035,0.6015850305557251
0.0006399999838322401,0.011314302682876587
0.5730299949645996,0.5761021375656128
0.0004299999854993075,0.001523857470601797
0.0002800000074785203,0.0018650583224371076
0.000910000002477318,0.007764033041894436
0.00018000000272877514,0.00822942890226841
0.0004299999854993075,0.005878989584743977
0.0005499999970197678,0.1417534053325653
0.8440300226211548,0.8387830257415771
0.9408699870109558,0.12726706266403198
0.011029999703168869,0.008909172378480434
0.9099900126457214,0.9226077795028687
0.00046999999904073775,0.013698306865990162
0.0030700000934302807,0.00438628951087594
0.002099999925121665,0.013309000059962273
0.00016999999934341758,0.0024460055865347385
0.0004299999854993075,0.0003116463194601238
0.9434900283813477,0.9442358016967773
0.08833000063896179,0.3309994339942932
0.0003699999942909926,0.0024683186784386635
0.9446099996566772,0.9489972591400146
0.0004299999854993075,0.005273451097309589
0.9423699975013733,0.02001008577644825
0.0004299999854993075,0.01465865969657898
0.0003800000122282654,0.006798983551561832
7.999999797903001e-05,0.00221579079516232
0.3949599862098694,0.3004239797592163
0.0810299962759018,0.08307943493127823
0.002319999970495701,0.008839914575219154
0.00016999999934341758,0.00367741659283638
0.0011099999537691474,0.002059407765045762
0.03711999952793121,0.03260894864797592
0.00033000000985339284,0.002741783857345581
0.0004400000034365803,0.0889911875128746
0.08833000063896179,0.10027172416448593
0.00026000000070780516,0.013532930985093117
0.0004400000034365803,0.0007411561673507094
0.030500000342726707,0.0006238828646019101
0.0007099999929778278,0.27403417229652405
0.000539999979082495,0.00492070522159338
0.03570999950170517,0.0030735458713024855
0.011789999902248383,0.010496437549591064
0.0006799999973736703,0.00521056167781353
0.000750000006519258,0.013191773556172848
0.000750000006519258,0.0011760846246033907
0.0008200000156648457,0.008646261878311634
0.00016999999934341758,0.0042116944678127766
0.000910000002477318,0.007685828488320112
0.019740000367164612,0.025439079850912094
0.008849999867379665,0.010986522771418095
0.4902400076389313,0.034615498036146164
0.000539999979082495,0.0016193235060200095
0.3660300076007843,0.4182497262954712
0.00018000000272877514,0.01681133732199669
0.0003499999875202775,0.004346657544374466
0.006149999797344208,0.020895080640912056
0.0002800000074785203,0.0016696403035894036
0.0015800000401213765,0.006769840139895678
0.019009999930858612,0.016838574782013893
0.0005000000237487257,0.003374993335455656
0.5619800090789795,0.010316174477338791
0.0010600000387057662,0.19441531598567963
0.0006500000017695129,0.0019226339645683765
0.00023999999393709004,0.0012592676794156432
0.011789999902248383,0.009498109109699726
0.0011500000255182385,0.0017874975455924869
0.006599999964237213,0.00549163855612278
0.004769999999552965,0.0024699652567505836
0.00014000000373926014,0.022425493225455284
0.8538200259208679,0.3309994339942932
0.00013000000035390258,0.004689009394496679
0.11331000179052353,0.11569344997406006
0.000910000002477318,0.0009944987250491977
0.011830000206828117,0.10100643336772919
0.0004600000102072954,0.0013199131935834885
0.0019600000232458115,0.7579476833343506
0.0004299999854993075,0.0016592827159911394
0.00039999998989515007,0.00760255241766572
0.044920001178979874,0.04571542888879776
0.0006900000153109431,0.003459174884483218
0.17541000247001648,0.011630527675151825
0.000590000010561198,0.0022247147280722857
0.003109999932348728,0.0031554067973047495
0.003860000055283308,0.30899810791015625
0.23291000723838806,0.23758232593536377
0.8733299970626831,0.3309994339942932
0.01155999954789877,0.011442688293755054
0.5475299954414368,0.009837480261921883
0.00044999999227002263,0.008106810040771961
0.0004299999854993075,0.0017716862494125962
0.911109983921051,0.9145281314849854
0.00011000000085914508,0.0889911875128746
0.0002300000051036477,0.0059182546101510525
0.925570011138916,0.9264549612998962
0.0002500000118743628,0.003395992564037442
0.00039000000106170774,0.001863042707554996
0.008849999867379665,0.03464153781533241
0.001509999972768128,0.0017979966942220926
0.015370000153779984,0.028094036504626274
0.0007200000109151006,0.009395740926265717
0.00016999999934341758,0.0009102256735786796
0.0009299999801442027,0.3309994339942932
0.0003499999875202775,0.001971409423276782
0.00041000000783242285,0.0011343364603817463
0.0005000000237487257,0.0002755979367066175
0.9300699830055237,0.981600284576416
0.0002899999963119626,0.006369195878505707
0.0004600000102072954,0.04837268218398094
0.008849999867379665,0.0034559087362140417
0.016179999336600304,0.02846132405102253
0.01319000031799078,0.015486378222703934
0.3190400004386902,0.31938931345939636
0.002099999925121665,0.00397351523861289
0.632099986076355,0.6344882845878601
0.017980000004172325,0.009736844338476658
0.008790000341832638,0.006233411841094494
0.0004299999854993075,0.0026925012934952974
0.01090999972075224,0.007087633945047855
0.0012799999676644802,0.005627959035336971
0.01286999974399805,0.01375187560915947
0.008849999867379665,0.004548498895019293
0.001339999958872795,0.30811017751693726
0.0004299999854993075,0.0008889480959624052
0.0004299999854993075,0.0029620190616697073
0.16864000260829926,0.008337634615600109
0.002050000010058284,0.00194464938249439
0.0004299999854993075,0.0016892271814867854
0.0004299999854993075,0.003786948509514332
0.013209999538958073,0.00510756392031908
0.09957999736070633,0.18530942499637604
0.0003000000142492354,0.00188744708430022
0.7681499719619751,0.7713367938995361
0.8322799801826477,0.005575857125222683
0.008849999867379665,0.026814265176653862
0.7819899916648865,0.30899810791015625
0.0004299999854993075,0.0007516024634242058
0.004840000066906214,0.011358678340911865
0.6628000140190125,0.01056320033967495
0.0004299999854993075,0.002407447900623083
0.037790000438690186,0.03323748707771301
0.00033999999868683517,0.3279026746749878
0.9100800156593323,0.3309994339942932
0.9442700147628784,0.9316827654838562
0.00023999999393709004,0.0010751837398856878
0.000539999979082495,0.0018813100177794695
0.0009699999936856329,0.007021387107670307
0.00041000000783242285,0.0009602069621905684
0.0015399999683722854,0.0029991555493324995
0.0005300000193528831,0.10648661851882935
0.0015399999683722854,0.30899810791015625
0.0004299999854993075,0.0006198029150255024
0.00033000000985339284,0.0009903035825118423
0.00018000000272877514,0.003799424972385168
0.0005699999746866524,0.14423593878746033
0.04355999827384949,0.5126599669456482
0.0002800000074785203,0.0044036442413926125
0.0002899999963119626,0.01848309300839901
0.021730000153183937,0.03463931381702423
0.0002500000118743628,0.005306976847350597
0.021719999611377716,0.0292353592813015
0.0004299999854993075,0.002360279206186533
0.037790000438690186,0.03871229290962219
0.0018100000452250242,0.1468912959098816
0.00046999999904073775,0.002606127178296447
0.9385700225830078,0.3309994339942932
0.00044999999227002263,0.0010679755359888077
0.008849999867379665,0.009306362830102444
0.0015399999683722854,0.010776837356388569
0.03711999952793121,0.025621579959988594
0.0014400000218302011,0.0031307435128837824
0.029410000890493393,0.026719549670815468
0.0005499999970197678,0.01265126746147871
0.0002800000074785203,0.0020367854740470648
0.008849999867379665,0.039372771978378296
0.0004400000034365803,0.05769582465291023
0.26232001185417175,0.22798486053943634
0.0010600000387057662,0.0016930027632042766
0.008849999867379665,0.0059363204054534435
0.11343999952077866,0.0018274533795192838
0.0015699999639764428,0.00251443381421268
0.0002099999983329326,0.004582386929541826
0.0013899999903514981,0.0026183496229350567
0.00039000000106170774,0.004275328945368528
0.20728999376296997,0.3279026746749878
0.0015300000086426735,0.0015974597772583365
0.00011999999696854502,0.0035472079180181026
0.0011500000255182385,0.002258863765746355
0.030500000342726707,0.0007044391823001206
0.00018000000272877514,0.04869171977043152
0.008849999867379665,0.004873990081250668
0.9256399869918823,0.9299517869949341
0.0493599995970726,0.03680168464779854
0.00107999995816499,0.07981810718774796
0.00107999995816499,0.0009363599820062518
0.00039999998989515007,0.005202026572078466
0.00026000000070780516,0.2517063319683075
0.0013899999903514981,0.006745976395905018
0.008849999867379665,0.02826659381389618
0.760670006275177,0.49364393949508667
0.00022000000171829015,0.0889911875128746
0.033560000360012054,0.18467740714550018
0.0004299999854993075,0.00254649156704545
0.00039000000106170774,0.0016251883935183287
0.5020800232887268,0.08497978001832962
0.0013299999991431832,0.055519949644804
0.039480000734329224,0.05711707845330238
0.0008399999933317304,0.0034620168153196573
0.009499999694526196,0.007776450831443071
0.00041000000783242285,0.012312152422964573
0.001500000013038516,0.0029768929816782475
0.00022000000171829015,0.003736545331776142
0.044920001178979874,0.0889911875128746
0.0037700000684708357,0.014667905867099762
0.036240000277757645,0.30899810791015625
0.00406000018119812,0.013309000059962273
0.0016700000269338489,0.002985951956361532
0.00013000000035390258,0.003545518033206463
0.0002800000074785203,0.0011184444883838296
0.0004299999854993075,0.002201627241447568
0.8786500096321106,0.013309000059962273
0.944130003452301,0.9459789991378784
0.0004400000034365803,0.0006712215254083276
0.0004600000102072954,0.002123619895428419
0.00044999999227002263,0.002364180749282241
0.0009800000116229057,0.004248776938766241
0.0002800000074785203,0.0028795991092920303
0.0019000000320374966,0.0012744810665026307
0.0005699999746866524,0.008294754661619663
0.8440300226211548,0.28379228711128235
0.11307000368833542,0.01872025988996029
0.036979999393224716,0.0332493931055069
0.006149999797344208,0.3309994339942932
0.0004799999878741801,0.0026379507035017014
0.0004299999854993075,0.002223239978775382
0.0026499999221414328,0.017707444727420807
0.036240000277757645,0.012010682374238968
0.9747999906539917,0.29900676012039185
0.6446300148963928,0.8399319052696228
0.0005699999746866524,0.020486028864979744
0.05178999900817871,0.012526474893093109
0.0004400000034365803,0.004783110227435827
0.1916400045156479,0.02119942009449005
0.6515499949455261,0.6517781019210815
0.0004299999854993075,0.004367620684206486
0.0004299999854993075,0.001884897705167532
0.026920000091195107,0.007359235547482967
0.0005499999970197678,0.013832559809088707
0.0002099999983329326,0.31570103764533997
0.057509999722242355,0.058872222900390625
0.020109999924898148,0.01718294806778431
0.0004299999854993075,0.002226574346423149
0.0008200000156648457,0.026529839262366295
0.20728999376296997,0.17842647433280945
0.0002800000074785203,0.006545863579958677
0.00039000000106170774,0.009461241774260998
0.0013000000035390258,0.28379228711128235
0.0024999999441206455,0.006953989155590534
0.5723099708557129,0.30899810791015625
0.0006300000241026282,0.002177235670387745
0.0012600000482052565,0.0028541337233036757
0.0028899998869746923,0.0023879942018538713
0.0012600000482052565,0.0011366847902536392
0.9627699851989746,0.4213760495185852
0.0471699982881546,0.048248518258333206
0.001449999981559813,0.006153251510113478
0.003809999907389283,0.3279026746749878
0.0004299999854993075,0.0028004676569253206
0.0004299999854993075,0.006371764466166496
0.0038799999747425318,0.0031685337889939547
0.003220000071451068,0.0034294852521270514
0.0037799999117851257,0.005997358821332455
0.001180000021122396,0.07956985384225845
0.0026700000744313,0.0019518983317539096
0.0004400000034365803,0.0060195233672857285
0.9071400165557861,0.8900059461593628
0.1973699927330017,0.2826905846595764
0.001550000044517219,0.002126521896570921
0.0004600000102072954,0.00249426974914968
0.00026000000070780516,0.002093823393806815
0.0004900000058114529,0.006801501847803593
0.0028200000524520874,0.004835030063986778
0.3226200044155121,0.29553744196891785
0.3897800147533417,0.3309994339942932
0.22791999578475952,0.01882839947938919
0.00033000000985339284,0.002416617702692747
0.0004299999854993075,0.0009879303397610784
0.0004299999854993075,0.005070615094155073
0.005739999935030937,0.0018593327840790153
0.00016999999934341758,0.002358633792027831
0.0006300000241026282,0.0015382084529846907
0.0010300000431016088,0.033002354204654694
0.01795000024139881,0.007569396402686834
0.0015800000401213765,0.005618770606815815
0.0004299999854993075,0.004291108343750238
0.9436600208282471,0.9447072148323059
0.8726800084114075,0.45861828327178955
0.19463999569416046,0.035099051892757416
0.0007999999797903001,0.002343311905860901
0.01155999954789877,0.009830486960709095
0.0005200000014156103,0.0016545485705137253
0.00011000000085914508,0.003453183686360717
0.0030499999411404133,0.0015259302454069257
0.0013500000350177288,0.004313335753977299
0.0003000000142492354,0.0011982853757217526
0.0013099999632686377,0.011029318906366825
0.0005000000237487257,0.0012359233805909753
0.0004299999854993075,0.0017536166124045849
0.0025400000158697367,0.3309994339942932
0.0004600000102072954,0.003521527163684368
0.036240000277757645,0.18880175054073334
0.00033000000985339284,0.003088474739342928
0.03700999915599823,0.032409947365522385
0.000910000002477318,0.0020792719442397356
0.07434999942779541,0.40530866384506226
0.9428300261497498,0.9462374448776245
0.036979999393224716,0.0332493931055069
0.05280999839305878,0.002358633792027831
0.8372899889945984,0.7356104254722595
0.3338100016117096,0.33146432042121887
0.0005799999926239252,0.0014606403419747949
0.005510000046342611,0.058493826538324356
0.011959999799728394,0.011320952326059341
0.0002099999983329326,0.001757743419148028
0.0010000000474974513,0.0025227474980056286
0.9233599901199341,0.4182497262954712
0.0007399999885819852,0.04196137189865112
0.00011999999696854502,0.0889911875128746
0.000590000010561198,0.008137799799442291
0.0028200000524520874,0.13902267813682556
0.9444400072097778,0.9379414916038513
0.002050000010058284,0.0889911875128746
0.026399999856948853,0.0372973270714283
0.1973699927330017,0.3279026746749878
0.0031799999997019768,0.00883686076849699
0.2431900054216385,0.7572129964828491
0.0003800000122282654,0.0059182546101510525
0.9415000081062317,0.9451156258583069
0.9286800026893616,0.4760848879814148
0.9395400285720825,0.8054191470146179
0.00953999999910593,0.003172343596816063
0.0342399999499321,0.0787956491112709
0.0004299999854993075,0.0034997048787772655
0.004459999967366457,0.004237934947013855
0.026820000261068344,0.02708517573773861
0.0011099999537691474,0.0016540972283110023
0.0009500000160187483,0.004545720759779215
0.0010300000431016088,0.10160934180021286
0.0020800000056624413,0.0030356249772012234
0.0011899999808520079,0.004616015590727329
0.00039999998989515007,0.009848717600107193
0.9217100143432617,0.9275957942008972
0.00011000000085914508,0.0889911875128746
0.008849999867379665,0.022308561950922012
0.0005300000193528831,0.0002881200925912708
0.004879999905824661,0.7567228078842163
0.009689999744296074,0.01165960356593132
0.00395999988541007,0.020017782226204872
0.04586999863386154,0.09139034152030945
0.01549999974668026,0.0028494824655354023
0.0010400000028312206,0.0032052486203610897
0.0012700000079348683,0.002695169998332858
0.024159999564290047,0.021901676431298256
0.020549999549984932,0.0038705638144165277
0.9124299883842468,0.8900059461593628
0.0007999999797903001,0.004465228877961636
0.000699999975040555,0.5054206848144531
0.0003000000142492354,0.00019900374172721058
0.0013099999632686377,0.010749791748821735
0.8836699724197388,0.8818677067756653
0.008779999800026417,0.3309994339942932
0.22916999459266663,0.2517063319683075
0.4979200065135956,0.7034184336662292
0.0020200000144541264,0.30899810791015625
0.003109999932348728,0.0839407667517662
0.0024300001095980406,0.005639177747070789
0.0014400000218302011,0.3309994339942932
0.01054999977350235,0.010690595023334026
0.5619300007820129,0.4816717207431793
0.0004299999854993075,0.003056369489058852
0.0006300000241026282,0.0012316732900217175
0.018570000305771828,0.013206983916461468
0.0016599999507889152,0.007484121713787317
0.00033000000985339284,0.0014487220905721188
0.0015899999998509884,0.002735140034928918
0.0005200000014156103,0.006801501847803593
0.0005600000149570405,0.30899810791015625
0.06902000308036804,0.3309994339942932
0.9385700225830078,0.3309994339942932
0.0002800000074785203,0.008497539907693863
0.0005300000193528831,0.10648661851882935
0.01551000028848648,0.016982436180114746
0.940559983253479,0.3309994339942932
0.011859999969601631,0.010624725371599197
0.0129399998113513,0.0006937306607142091
0.008899999782443047,0.00561507185921073
0.17574000358581543,0.3979591131210327
0.025529999285936356,0.051649950444698334
0.01155999954789877,0.011442688293755054
0.0004299999854993075,0.00019787870405707508
0.0005300000193528831,0.001165910274721682
0.00044999999227002263,0.002357289893552661
0.00044999999227002263,0.014234858565032482
0.0011899999808520079,0.004293191246688366
0.00016999999934341758,0.0010336888954043388
0.0004299999854993075,0.048575762659311295
0.0004299999854993075,0.00188188417814672
0.0028200000524520874,0.0007127220160327852
0.0003000000142492354,0.001540032564662397
0.00044999999227002263,0.0013989113504067063
0.0003000000142492354,0.003685621777549386
0.0036299999337643385,0.3309994339942932
0.38964998722076416,0.3920733332633972
0.3824999928474426,0.39762625098228455
0.0004199999966658652,0.002017844934016466
0.00022000000171829015,0.0024672409053891897
0.0004299999854993075,0.004497049376368523
0.4362199902534485,0.29696160554885864
0.00039000000106170774,0.0016800976591184735
0.0004299999854993075,2.6480891392566264e-05
0.00046999999904073775,0.13902267813682556
0.010359999723732471,0.03356267511844635
0.00044999999227002263,0.0001503183739259839
0.8296800255775452,0.2594507336616516
0.04650000110268593,0.45822980999946594
0.00011999999696854502,0.001937746535986662
0.0004299999854993075,0.004791763611137867
0.0003499999875202775,0.0006539152818731964
0.011789999902248383,0.011934151872992516
5.999999848427251e-05,0.0006627217517234385
0.005630000028759241,0.004084324464201927
0.01155999954789877,0.01131588127464056
0.0005000000237487257,0.0018643590155988932
0.00016999999934341758,0.0046781860291957855
0.9436500072479248,0.9455728530883789
0.06274999678134918,0.47753846645355225
0.0004299999854993075,0.005321326199918985
0.0009699999936856329,0.004170095548033714
0.0003000000142492354,0.0013234388316050172
0.0008999999845400453,0.0029356384184211493
0.9399200081825256,0.9428103566169739
0.008849999867379665,0.011166194453835487
0.016860000789165497,0.006847247015684843
0.0022799998987466097,0.3309994339942932
0.0010999999940395355,0.043633658438920975
0.304390013217926,0.26834481954574585
0.0005200000014156103,0.3309994339942932
0.0016299999551847577,0.7034184336662292
0.00039000000106170774,0.3309994339942932
0.000910000002477318,0.004204898606985807
0.0002899999963119626,0.0019170786254107952
0.00023999999393709004,0.0021801660768687725
0.0008299999753944576,0.007051144260913134
0.00023999999393709004,0.0025188291911035776
0.00018000000272877514,0.0019013227429240942
0.0004299999854993075,0.0018627811223268509
0.003530000103637576,0.0020076853688806295
0.001129999989643693,0.005683540366590023
0.0009599999757483602,0.28379228711128235
0.8607400059700012,0.8647114634513855
0.9386000037193298,0.9407706260681152
0.0005799999926239252,0.0036849966272711754
0.0009399999980814755,0.0032007943373173475
0.12794999778270721,0.3309994339942932
0.0012700000079348683,0.017444700002670288
0.94964998960495,0.827334463596344
0.0004299999854993075,0.007737543899565935
0.0006500000017695129,0.013832559809088707
0.4248400032520294,0.3309994339942932
0.0004299999854993075,0.0010983600514009595
0.0006500000017695129,0.3309994339942932
0.0002800000074785203,0.002308473689481616
0.00044999999227002263,0.0019044625805690885
0.0021699999924749136,0.004835030063986778
0.0004600000102072954,0.0015658590709790587
0.00046999999904073775,0.0009048993233591318
0.00019999999494757503,0.2126511037349701
0.00018000000272877514,0.0022195661440491676
0.09303999692201614,0.07383401691913605
0.0024399999529123306,0.004496671725064516
0.00044999999227002263,3.784072396229021e-05
0.008899999782443047,0.003353314707055688
0.0004299999854993075,0.003604753641411662
0.30066999793052673,0.13902267813682556
0.0007399999885819852,0.0034334587398916483
0.9331799745559692,0.934114396572113
0.3208000063896179,0.7034184336662292
0.0257399994879961,0.009860465303063393
0.34551000595092773,0.34841376543045044
0.003109999932348728,0.1725996434688568
0.8718600273132324,0.8735871315002441
0.928629994392395,0.3309994339942932
0.0002800000074785203,0.001566941849887371
0.001930000027641654,0.004837860353291035
0.0004299999854993075,0.00240642880089581
0.009519999846816063,0.009725017473101616
0.0005200000014156103,0.0014112218050286174
0.08833000063896179,0.4894074499607086
0.0003000000142492354,0.006665925029665232
0.008849999867379665,0.009677229449152946
0.10796999931335449,0.10581060498952866
0.04228999838232994,0.002492676954716444
0.8537600040435791,0.135311558842659
0.00014000000373926014,0.0008988167392089963
0.3610999882221222,0.3658199906349182
0.7954099774360657,0.30899810791015625
0.8232899904251099,0.0889911875128746
0.0002500000118743628,0.008382704108953476
0.0006300000241026282,0.002282039960846305
0.0005000000237487257,0.0027406159788370132
0.011789999902248383,0.06612209230661392
0.00039000000106170774,0.004094220697879791
0.0004299999854993075,0.002490211743861437
0.002050000010058284,0.005564483813941479
0.0004299999854993075,0.0027959970757365227
0.010209999978542328,0.009012801572680473
0.0005499999970197678,0.006286826450377703
0.0004299999854993075,0.0030929027125239372
0.0003499999875202775,0.001971409423276782
0.0003600000054575503,0.0029150971677154303
0.000910000002477318,0.010772735811769962
0.003909999970346689,0.08135872334241867
0.0004199999966658652,0.014131332747638226
0.003909999970346689,0.0028035722207278013
0.928629994392395,0.3309994339942932
0.0019099999917671084,0.008504219353199005
0.22916999459266663,0.0686408206820488
0.0005600000149570405,0.09017842262983322
0.0003699999942909926,0.010338442400097847
0.0005000000237487257,0.001786168315447867
0.14566999673843384,0.13744501769542694
0.0003000000142492354,0.002359220525249839
0.08833000063896179,0.3309994339942932
0.011780000291764736,0.02350142039358616
0.585070013999939,0.4182497262954712
0.0002300000051036477,0.005069941282272339
0.0004199999966658652,0.001222414430230856
0.9436600208282471,0.9446265697479248
0.9747999906539917,0.17153024673461914
0.0004299999854993075,0.0010559195652604103
0.000699999975040555,0.2750716507434845
0.000750000006519258,0.6255987882614136
0.00044999999227002263,0.03532835841178894
0.013389999978244305,0.01437843032181263
0.025690000504255295,0.027237223461270332
0.0003800000122282654,0.0025708668399602175
0.000910000002477318,0.0022767053451389074
0.0003800000122282654,0.0009723262046463788
0.010359999723732471,0.026279181241989136
0.0018400000408291817,0.0007433517603203654
0.0014600000577047467,0.03747209534049034
0.0004299999854993075,0.0013354015536606312
0.045510001480579376,0.07275310158729553
0.027219999581575394,0.023131323978304863
0.0002500000118743628,0.01839042827486992
0.041749998927116394,0.0012794567737728357
0.0003000000142492354,0.0015569014940410852
0.000750000006519258,0.003004944184795022
0.8487799763679504,0.863715410232544
0.017009999603033066,0.007087633945047855
0.9441800117492676,0.8549452424049377
0.00044999999227002263,0.0038641176652163267
0.00039000000106170774,0.0033462655264884233
0.00044999999227002263,0.001795256044715643
0.0007699999841861427,0.00311581720598042
0.008899999782443047,0.045719850808382034
0.0008900000248104334,0.001495776348747313
0.0013699999544769526,0.0038798335008323193
0.04698000103235245,0.043633658438920975
0.0004299999854993075,0.002788312267512083
0.00022000000171829015,0.004607058595865965
0.02507999911904335,0.7715331315994263
0.002899999963119626,0.004724058322608471
0.0002500000118743628,0.0003258953511249274
0.00571999978274107,0.005767878610640764
0.00011000000085914508,0.0889911875128746
0.9149500131607056,0.7785189747810364
0.003379999892786145,0.0061647603288292885
0.0007399999885819852,0.0889911875128746
0.015589999966323376,0.0642184242606163
0.000539999979082495,0.038283463567495346
0.24079999327659607,0.1624215841293335
0.019099999219179153,0.012933158315718174
0.002259999979287386,0.020017782226204872
0.2327599972486496,0.23539720475673676
0.0005099999834783375,0.000747587182559073
0.06701000034809113,0.007944128476083279
0.0041600000113248825,0.007113358937203884
0.0010600000387057662,0.006418036296963692
0.9437400102615356,0.9404914379119873
0.00011999999696854502,0.0046861059963703156
0.020479999482631683,0.0024013298097997904
0.002460000105202198,0.0020076853688806295
0.01370999962091446,0.10293803364038467
0.0005300000193528831,0.03747868537902832
0.9321699738502502,0.25368615984916687
0.9442700147628784,0.4852744936943054
0.0011500000255182385,0.0011503860587254167
0.002360000042244792,0.0038815492298454046
0.00953999999910593,0.007050572894513607
0.9441800117492676,0.9446936249732971
0.0022799998987466097,0.017293212935328484
0.022040000185370445,0.012933158315718174
0.0004299999854993075,0.004178145434707403
0.0004299999854993075,0.0018796194344758987
0.5847100019454956,0.5984960794448853
0.00018000000272877514,0.01681133732199669
0.0014400000218302011,0.13902267813682556
0.00018000000272877514,0.001896654604934156
0.00044999999227002263,0.0033690836280584335
0.0004299999854993075,0.002913251519203186
0.0015399999683722854,0.0050994097255170345
0.0004299999854993075,0.0024295474868267775
0.008849999867379665,0.08076601475477219
0.025590000674128532,0.11178789287805557
0.0005300000193528831,0.0017008882714435458
0.0002899999963119626,0.006753601133823395
0.0004299999854993075,0.004109449218958616
0.00014000000373926014,0.0017739285249263048
0.0027600000612437725,0.025941302999854088
0.09487999975681305,0.09600791335105896
0.01107999961823225,0.01035606861114502
0.0005699999746866524,0.015785176306962967
0.0004600000102072954,0.13696730136871338
0.0007399999885819852,0.3309994339942932
0.5723099708557129,0.30899810791015625
0.00015999999595806003,0.0022730431519448757
0.005539999809116125,0.30899810791015625
0.6215299963951111,0.6046323776245117
0.00018000000272877514,0.0030039302073419094
0.0016199999954551458,0.0008134430390782654
0.03759000077843666,0.19666224718093872
0.0003000000142492354,0.2517063319683075
0.0006399999838322401,0.0889911875128746
0.07840000092983246,0.2517063319683075
0.0009200000204145908,0.30899810791015625
0.0006000000284984708,0.0031213273759931326
0.0003100000030826777,0.3309994339942932
0.0022799998987466097,0.017293212935328484
0.00033999999868683517,0.0018126105424016714
0.002319999970495701,0.0014274618588387966
0.5723000168800354,0.4182497262954712
0.9436399936676025,0.05924304202198982
0.0004199999966658652,0.007220383733510971
0.9411500096321106,0.8453273177146912
0.002950000111013651,0.004862241446971893
0.008849999867379665,0.014590679667890072
0.0004299999854993075,0.0032402065116912127
0.0002500000118743628,0.0004981779493391514
0.0004299999854993075,0.0020045177079737186
0.03562000021338463,0.08353707939386368
0.0003499999875202775,0.012605022639036179
0.000590000010561198,0.0011627216590568423
0.037790000438690186,0.041619546711444855
0.007930000312626362,0.0026887995190918446
0.002570000011473894,0.004492398351430893
0.015469999983906746,0.00639742286875844
0.008849999867379665,0.012583057396113873
0.6723899841308594,0.6898233294487
0.0004299999854993075,0.0036285852547734976
0.0004299999854993075,0.0059920623898506165
0.008849999867379665,0.016324400901794434
0.0025100000202655792,0.002723142970353365
0.0004299999854993075,0.0012546345824375749
0.4979200065135956,0.494045615196228
0.0005600000149570405,0.0015726619167253375
0.4362199902534485,0.29696160554885864
0.008849999867379665,0.0013254010118544102
0.0002800000074785203,0.006234670523554087
0.008849999867379665,0.00547034339979291
0.00018000000272877514,0.002832242753356695
0.005619999952614307,0.00506379222497344
0.0034099998883903027,0.008210422471165657
0.011909999884665012,0.020958703011274338
0.410180002450943,0.4701744616031647
0.0009699999936856329,0.00011395904584787786
0.0006300000241026282,0.0019527567783370614
0.014630000106990337,0.0275608878582716
0.001500000013038516,0.043275054544210434
0.00018000000272877514,0.0014269902603700757
0.006990000139921904,0.529260516166687
0.0004299999854993075,0.002216394990682602
0.0004199999966658652,0.003814419498667121
0.000590000010561198,0.012978379614651203
0.007379999849945307,0.020017782226204872
0.006039999891072512,0.0017924800049513578
0.0004199999966658652,0.13902267813682556
0.0004400000034365803,0.0025250979233533144
0.20487000048160553,0.28379228711128235
0.008849999867379665,0.00798867829144001
0.041749998927116394,0.0012794567737728357
0.5475299954414368,0.071219801902771
0.0028099999763071537,0.004788513295352459
0.0004299999854993075,0.0021135983988642693
0.0004400000034365803,0.05006808415055275
0.03759000077843666,0.19666224718093872
0.00018000000272877514,0.0889911875128746
0.0005499999970197678,0.0020247511565685272
0.00023999999393709004,0.0012161748018115759
0.013179999776184559,0.0889911875128746
0.9539499878883362,0.9529322981834412
0.0009299999801442027,0.002349879126995802
0.0001900000061141327,0.00199365452863276
0.10239999741315842,0.013309000059962273
0.005470000207424164,0.002764106495305896
0.0008099999977275729,0.054141514003276825
0.06304000318050385,0.07187465578317642
0.0014799999771639705,0.005115471314638853
0.04332000017166138,0.04519068822264671
0.0005600000149570405,0.00424289470538497
0.0004299999854993075,0.002453695284202695
0.0007699999841861427,0.0027349982410669327
0.0004299999854993075,0.0022521663922816515
0.00039000000106170774,0.0029417413752526045
0.002739999908953905,0.013134040869772434
0.0022799998987466097,0.0034315583761781454
0.5271599888801575,0.5349799990653992
0.05130999907851219,0.05264247953891754
0.00044999999227002263,0.013597453013062477
0.001120000029914081,0.0019912233110517263
0.6237099766731262,0.29696160554885864
0.012160000391304493,0.0015277016209438443
0.680180013179779,0.6860402822494507
0.008390000090003014,0.004890664014965296
0.00018000000272877514,0.0016203406266868114
0.00018000000272877514,0.0032761699985712767
0.0876300036907196,0.1130530908703804
0.0003000000142492354,0.0034660540986806154
0.0004299999854993075,0.0014911608304828405
0.0007600000244565308,0.0005632186075672507
0.0002800000074785203,0.0007737737614661455
0.0004299999854993075,0.048575762659311295
0.004149999935179949,0.3309994339942932
0.002319999970495701,0.0038207320030778646
0.9260200262069702,0.8628897070884705
0.0004299999854993075,0.001809325534850359
0.0002099999983329326,0.00014368054689839482
0.11648999899625778,0.21530674397945404
0.00026000000070780516,0.0031837502028793097
0.0005300000193528831,0.0016135121695697308
0.008849999867379665,0.0022468476090580225
0.9415000081062317,0.9435251951217651
0.008849999867379665,0.0031861690804362297
0.01735999993979931,0.013588041067123413
0.049059998244047165,0.04792989417910576
0.0376800000667572,0.5126599669456482
0.024460000917315483,0.017323676496744156
0.0010900000343099236,0.007817978039383888
0.0003499999875202775,0.4450216293334961
0.5241000056266785,0.5792766809463501
0.026340000331401825,0.016387423500418663
0.00039000000106170774,0.0028795991092920303
0.036240000277757645,0.30899810791015625
0.42201000452041626,0.20481036603450775
0.1507599949836731,0.15428268909454346
0.003860000055283308,0.30899810791015625
0.008849999867379665,0.0031205867417156696
0.0003100000030826777,0.0006567974342033267
0.0016499999910593033,0.28379228711128235
0.0004299999854993075,0.0006628316477872431
0.0019099999917671084,0.002771165920421481
0.9299799799919128,0.8788366913795471
0.6938199996948242,0.0036715129390358925
0.00343999988399446,0.002798353787511587
0.0004299999854993075,0.004045987967401743
0.0004299999854993075,0.0039057694375514984
0.0007399999885819852,0.0889911875128746
0.0003800000122282654,0.004896143451333046
0.002570000011473894,0.0024517634883522987
0.925570011138916,0.7034184336662292
0.00023999999393709004,0.0046632010489702225
0.005100000184029341,0.0044240704737603664
0.0004299999854993075,0.002503716852515936
0.0003800000122282654,0.003358931979164481
0.9692400097846985,0.9598962068557739
0.9447399973869324,0.9465267062187195
0.0031900000758469105,0.002358633792027831
0.5725299715995789,0.5743082165718079
0.9226599931716919,0.9187734127044678
0.7889099717140198,0.04656399413943291
0.304390013217926,0.3279026746749878
0.13705000281333923,0.47521674633026123
0.00016999999934341758,0.043844424188137054
0.011470000259578228,0.31247538328170776
0.0013500000350177288,0.0022124703973531723
0.00026000000070780516,0.00024023273726925254
0.009499999694526196,0.002012987155467272
0.0013899999903514981,0.006745979655534029
0.8540700078010559,0.8552514314651489
0.9446099996566772,0.7991897463798523
0.0004799999878741801,0.0889911875128746
0.00014000000373926014,0.0036256450694054365
0.1632699966430664,0.008165647275745869
0.00018000000272877514,0.0030039288103580475
0.9448500275611877,0.3309994339942932
0.026340000331401825,0.01638743095099926
0.008849999867379665,0.012408810667693615
0.9088600277900696,0.03249054774641991
0.0005499999970197678,0.35501036047935486
0.15324999392032623,0.9424217343330383
0.0015399999683722854,0.01580158621072769
0.7550600171089172,0.3629797697067261
7.999999797903001e-05,0.013478257693350315
0.0007699999841861427,0.0020130109041929245
0.19463999569416046,0.13902270793914795
0.003120000008493662,0.29696160554885864
0.00044999999227002263,0.00018539394659455866
0.0004299999854993075,0.004254600964486599
0.00044999999227002263,0.006599374581128359
0.7304499745368958,0.7345879673957825
0.0019499999471008778,0.013309000059962273
0.0004299999854993075,2.6480891392566264e-05
